time_s,i_I172_Iout_A,i_I56_Iout_A,v_vp_res_V,v_vpre1_res_V
0.0,-1.3657149799999999e-05,-1.3657149799999999e-05,0.0,0.0
0.001,-1.36571499e-05,-1.36571499e-05,0.0,0.0
0.003,-1.36571499e-05,-1.36571499e-05,0.0,0.0
0.007,-1.36571499e-05,-1.36571499e-05,0.0,0.0
0.015,-1.36571499e-05,-1.36571499e-05,0.0,0.0
0.021321213000000002,-1.36571499e-05,-1.36571499e-05,0.0,0.0
0.021321213100000003,-1.36571499e-05,-1.36571499e-05,0.015008333300000001,0.0
0.021321213199999998,-1.36571499e-05,-1.36571499e-05,0.0450249999,0.0
0.0213212136,-1.36571499e-05,-1.36571499e-05,0.1050583333,0.0
0.0213212142,-1.36571499e-05,-1.36571499e-05,0.2251249999,0.0
0.021321214800000002,-1.36571499e-05,-1.36571499e-05,0.328182483,0.0
0.0213212151,-1.36571499e-05,-1.3657149799999999e-05,0.38615111480000003,0.0
0.0213212155,-1.36571499e-05,-1.3657149799999999e-05,0.4474269367,0.0
0.0213212158,-1.36571499e-05,-1.3657149799999999e-05,0.49706768440000004,0.0
0.021321216100000002,-1.36571499e-05,-1.3657150299999998e-05,0.5551800331,0.0
0.0213212163,-1.36571499e-05,-1.36572044e-05,0.5995305164,0.0
0.021321216400000002,-1.36571499e-05,-1.36572812e-05,0.6171697914000001,0.0
0.0213212166,-1.36571499e-05,-1.36574418e-05,0.6411866093,0.0
0.0213212166,-1.36571499e-05,-1.3657487599999998e-05,0.6477360353,0.0
0.021321216700000003,-1.36571499e-05,-1.36575795e-05,0.6608348873,0.0
0.021321216799999997,-1.36571499e-05,-1.3657762899999999e-05,0.6867798460000001,0.0
0.021321217,-1.36571499e-05,-1.36580321e-05,0.7246523686,0.0
0.0213212174,-1.36571499e-05,-1.3658595899999999e-05,0.8003974138,0.0
0.0213212181,-1.36571499e-05,-1.3660653299999999e-05,0.9259201298,0.0
0.0213212187,-1.36571499e-05,-1.36638695e-05,1.0208338,0.0
0.0213212193,-1.36571499e-05,-1.3668969299999999e-05,1.1384403,0.0
0.0213212199,-1.36571499e-05,-1.36737781e-05,1.2480617,0.0
0.021321220499999998,-1.36571499e-05,-1.3678456699999999e-05,1.3547365,0.0
0.0213212217,-1.36571499e-05,-1.36878264e-05,1.5680861,0.0
0.0213212224,-1.36571499e-05,-1.3692918e-05,1.684043,0.0
0.021321223,-1.36571499e-05,-1.36980086e-05,1.7999999,0.0
0.0213212231,-1.36571499e-05,-1.36986674e-05,1.8,0.0
0.0213212232,-1.36571499e-05,-1.3699986000000001e-05,1.8,0.0
0.0213212235,-1.36571499e-05,-1.3701963599999999e-05,1.8,0.0
0.021321224,-1.36571499e-05,-1.37059162e-05,1.8,0.0
0.021321225,-1.36571499e-05,-1.3713806599999998e-05,1.8,0.0
0.021321227,-1.36571499e-05,-1.37295245e-05,1.8,0.0
0.021321231000000003,-1.36571499e-05,-1.3760711799999998e-05,1.8,0.0
0.021321239,-1.36571499e-05,-1.3822111799999999e-05,1.8,0.0
0.021321255,-1.36571499e-05,-1.3941158e-05,1.8,0.0
0.021321287,-1.36571499e-05,-1.41652974e-05,1.8,0.0
0.021321351,-1.36571499e-05,-1.45649485e-05,1.8,0.0
0.021321479,-1.36571499e-05,-1.52124533e-05,1.8,0.0
0.021321735100000003,-1.36571499e-05,-1.61091214e-05,1.8,0.0
0.021322062800000003,-1.36571499e-05,-1.67936009e-05,1.8,0.0
0.021322487299999998,-1.36571499e-05,-1.7296742999999998e-05,1.8,0.0
0.0213230322,-1.36571499e-05,-1.76283315e-05,1.8,0.0
0.021323794800000004,-1.36571499e-05,-1.78430287e-05,1.8,0.0
0.0213248493,-1.36571499e-05,-1.7944277199999997e-05,1.8,0.0
0.0213263578,-1.36571499e-05,-1.79793873e-05,1.8,0.0
0.0213286329,-1.36571499e-05,-1.79852316e-05,1.8,0.0
0.0213321959,-1.36571499e-05,-1.79897968e-05,1.8,0.0
0.021339321900000003,-1.36571499e-05,-1.79878052e-05,1.8,0.0
0.021353573900000002,-1.36571499e-05,-1.79900489e-05,1.8,0.0
0.021382077800000003,-1.36571499e-05,-1.79878366e-05,1.8,0.0
0.021421213,-1.36571499e-05,-1.79899768e-05,1.8,0.0
0.0214212131,-1.36571499e-05,-1.79878578e-05,1.7849916,0.0
0.0214212132,-1.36571499e-05,-1.79878586e-05,1.754975,0.0
0.021421213600000003,-1.36571499e-05,-1.79878605e-05,1.6949416,0.0
0.021421214200000004,-1.36571499e-05,-1.7987863499999998e-05,1.574875,0.0
0.0214212156,-1.36571499e-05,-1.79878626e-05,1.3347416,0.0
0.021421218199999998,-1.36571499e-05,-1.79877781e-05,0.8544750006,0.0
0.0214212189,-1.36571499e-05,-1.79877208e-05,0.7344083339999999,0.0
0.0214212202,-1.36571499e-05,-1.7986970899999998e-05,0.4942750008,0.0
0.0214212217,-1.36571499e-05,-1.79847686e-05,0.22993401119999998,0.0
0.021421222400000002,-1.36571499e-05,-1.79834492e-05,0.1149670053,0.0
0.021421222700000003,-1.36571499e-05,-1.7982757899999997e-05,0.057483502299999996,0.0
0.021421223000000003,-1.36571499e-05,-1.79820557e-05,0.0,0.0
0.0214212231,-1.36571499e-05,-1.79818702e-05,0.0,0.0
0.0214212232,-1.36571499e-05,-1.79815703e-05,0.0,0.0
0.021421223399999998,-1.36571499e-05,-1.7981180999999998e-05,0.0,0.0
0.0214212237,-1.36571499e-05,-1.79803935e-05,0.0,0.0
0.0214212244,-1.36571499e-05,-1.79787958e-05,0.0,0.0
0.0214212258,-1.36571499e-05,-1.79755488e-05,0.0,0.0
0.0214212277,-1.36571499e-05,-1.79710807e-05,0.0,0.0
0.021421230300000003,-1.36571499e-05,-1.79649154e-05,0.0,0.0
0.0214212338,-1.36571499e-05,-1.79564209e-05,0.0,0.0
0.021421239,-1.36571499e-05,-1.79439618e-05,0.0,0.0
0.0214212466,-1.36571499e-05,-1.79258637e-05,0.0,0.0
0.0214212573,-1.36571499e-05,-1.7900033599999998e-05,0.0,0.0
0.0214212727,-1.36571499e-05,-1.78632666e-05,0.0,0.0
0.0214212949,-1.36571499e-05,-1.78106739e-05,0.0,0.0
0.021421326700000003,-1.36571499e-05,-1.7735617099999998e-05,0.0,0.0
0.0214213727,-1.36571499e-05,-1.76286989e-05,0.0,0.0
0.0214214388,-1.36571499e-05,-1.7477304700000002e-05,0.0,0.0
0.021421534300000003,-1.36571499e-05,-1.72646449e-05,0.0,0.0
0.0214216721,-1.36571499e-05,-1.69697493e-05,0.0,0.0
0.021421871199999998,-1.36571499e-05,-1.65694927e-05,0.0,0.0
0.0214221589,-1.36571499e-05,-1.60460537e-05,0.0,0.0
0.0214225747,-1.36571499e-05,-1.54059014e-05,0.0,0.0
0.0214231758,-1.36571499e-05,-1.4713492e-05,0.0,0.0
0.0214240448,-1.36571499e-05,-1.41143201e-05,0.0,0.0
0.0214253017,-1.36571499e-05,-1.37548055e-05,0.0,0.0
0.0214270649,-1.36571499e-05,-1.36680458e-05,0.0,0.0
0.0214290091,-1.36571499e-05,-1.36572227e-05,0.0,0.0
0.0214315081,-1.36571499e-05,-1.3655933599999999e-05,0.0,0.0
0.0214358538,-1.36571499e-05,-1.3656642299999999e-05,0.0,0.0
0.021442216,-1.36571499e-05,-1.36579651e-05,0.0,0.0
0.0214514735,-1.36571499e-05,-1.36559439e-05,0.0,0.0
0.0214648354,-1.36571499e-05,-1.3658476999999998e-05,0.0,0.0
0.0214839831,-1.36571499e-05,-1.36557324e-05,0.0,0.0
0.0215122614,-1.36571499e-05,-1.3658602699999998e-05,0.0,0.0
0.0215543549,-1.36571499e-05,-1.36556618e-05,0.0,0.0
0.0216205044,-1.36571499e-05,-1.3658646399999999e-05,0.0,0.0
0.0217528035,-1.36571499e-05,-1.3655632999999999e-05,0.0,0.0
0.0220174016,-1.36571499e-05,-1.36586525e-05,0.0,0.0
0.022460351500000003,-1.36571499e-05,-1.36556344e-05,0.0,0.0
0.0233462513,-1.36571499e-05,-1.3658653899999998e-05,0.0,0.0
0.025118051000000002,-1.36571499e-05,-1.36556295e-05,0.0,0.0
0.0285930444,-1.36571499e-05,-1.36586555e-05,0.0,0.0
0.035543031100000004,-1.36571499e-05,-1.3655628699999998e-05,0.0,0.0
0.0474815495,-1.36571499e-05,-1.3658661499999998e-05,0.0,0.0
0.0474815495,-1.36571499e-05,-1.36568894e-05,0.0,0.015008333300000001
0.0474815497,-1.36571499e-05,-1.36568894e-05,0.0,0.0450249999
0.04748155,-1.36571499e-05,-1.36568895e-05,0.0,0.1050583333
0.0474815507,-1.36571499e-05,-1.36568897e-05,0.0,0.2251249999
0.0474815513,-1.36571499e-05,-1.3656889899999999e-05,0.0,0.3281824836
0.047481551600000005,-1.3657149799999999e-05,-1.365689e-05,0.0,0.38615111480000003
0.0474815519,-1.3657149799999999e-05,-1.3656890099999999e-05,0.0,0.4474269379
0.047481552200000006,-1.3657149799999999e-05,-1.3656890099999999e-05,0.0,0.49706768570000004
0.0474815525,-1.3657150299999998e-05,-1.3656890199999999e-05,0.0,0.5551800344
0.04748155280000001,-1.36572044e-05,-1.36568903e-05,0.0,0.5995305176000001
0.0474815529,-1.36572812e-05,-1.36568903e-05,0.0,0.6171697927
0.047481552999999996,-1.36574418e-05,-1.3656890399999999e-05,0.0,0.6411866099
0.0474815531,-1.3657487599999998e-05,-1.3656890399999999e-05,0.0,0.6477360372000001
0.0474815531,-1.36575795e-05,-1.3656890399999999e-05,0.0,0.6608348917
0.0474815533,-1.3657762899999999e-05,-1.3656890399999999e-05,0.0,0.6867798541
0.047481553499999996,-1.36580321e-05,-1.3656890499999999e-05,0.0,0.7246523842
0.0474815539,-1.3658595899999999e-05,-1.36568906e-05,0.0,0.8003974444
0.0474815546,-1.3660653299999999e-05,-1.3656890799999998e-05,0.0,0.9259201541000001
0.0474815551,-1.36638695e-05,-1.3656891e-05,0.0,1.0208338
0.047481555800000005,-1.3668969299999999e-05,-1.3656891099999998e-05,0.0,1.1384403
0.047481556400000006,-1.3673778199999999e-05,-1.36568913e-05,0.0,1.2480617
0.047481557,-1.3678456699999999e-05,-1.36568915e-05,0.0,1.3547365
0.0474815582,-1.36878264e-05,-1.36568918e-05,0.0,1.5680861
0.047481558800000004,-1.3692918e-05,-1.3656891999999998e-05,0.0,1.684043
0.047481559500000006,-1.36980086e-05,-1.36568922e-05,0.0,1.8
0.047481559500000006,-1.36986674e-05,-1.36568922e-05,0.0,1.8
0.0474815597,-1.3699986000000001e-05,-1.36568922e-05,0.0,1.8
0.047481560000000006,-1.3701963599999999e-05,-1.3656892300000001e-05,0.0,1.8
0.0474815605,-1.37059162e-05,-1.36568924e-05,0.0,1.8
0.0474815615,-1.3713806599999998e-05,-1.3656892699999999e-05,0.0,1.8
0.047481563500000004,-1.37295245e-05,-1.36568933e-05,0.0,1.8
0.047481567499999995,-1.3760711799999998e-05,-1.36568944e-05,0.0,1.8
0.0474815755,-1.3822111799999999e-05,-1.3656896599999998e-05,0.0,1.8
0.0474815915,-1.3941158e-05,-1.3656900999999999e-05,0.0,1.8
0.0474816235,-1.41652973e-05,-1.3656909399999999e-05,0.0,1.8
0.0474816875,-1.4564948299999998e-05,-1.36569256e-05,0.0,1.8
0.0474818155,-1.5212453099999998e-05,-1.3656954699999999e-05,0.0,1.8
0.04748207150000001,-1.61091211e-05,-1.36570023e-05,0.0,1.8
0.0474823993,-1.67936007e-05,-1.3657046799999999e-05,0.0,1.8
0.0474828238,-1.72967429e-05,-1.3657085399999999e-05,0.0,1.8
0.0474833686,-1.76283314e-05,-1.36571148e-05,0.0,1.8
0.0474841313,-1.7843028599999998e-05,-1.3657135399999999e-05,0.0,1.8
0.0474851857,-1.7944277199999997e-05,-1.3657146e-05,0.0,1.8
0.04748669430000001,-1.79793873e-05,-1.36571496e-05,0.0,1.8
0.047488969400000004,-1.79852316e-05,-1.3657149999999998e-05,0.0,1.8
0.0474925324,-1.79897968e-05,-1.3657149999999998e-05,0.0,1.8
0.047499658400000005,-1.79878052e-05,-1.3657149999999998e-05,0.0,1.8
0.047513910300000003,-1.79900489e-05,-1.36571499e-05,0.0,1.8
0.0475424142,-1.79878366e-05,-1.36571499e-05,0.0,1.8
0.0475815495,-1.79899768e-05,-1.36571499e-05,0.0,1.8
0.0475815495,-1.79878578e-05,-1.36571499e-05,0.0,1.7849916
0.047581549699999996,-1.79878586e-05,-1.36571499e-05,0.0,1.754975
0.04758155,-1.79878605e-05,-1.36571499e-05,0.0,1.6949416
0.0475815507,-1.7987863499999998e-05,-1.36571499e-05,0.0,1.574875
0.047581552000000006,-1.79878626e-05,-1.36571499e-05,0.0,1.3347416
0.0475815547,-1.79877781e-05,-1.36571499e-05,0.0,0.8544750006
0.0475815554,-1.79877208e-05,-1.36571499e-05,0.0,0.7344083339999999
0.0475815567,-1.7986970899999998e-05,-1.36571499e-05,0.0,0.4942750008
0.047581558200000006,-1.79847686e-05,-1.36571499e-05,0.0,0.2299340118
0.04758155880000001,-1.79834492e-05,-1.36571499e-05,0.0,0.1149670059
0.047581559100000004,-1.7982757899999997e-05,-1.36571499e-05,0.0,0.0574835029
0.047581559499999995,-1.79820557e-05,-1.36571499e-05,0.0,0.0
0.047581559499999995,-1.79818702e-05,-1.36571499e-05,0.0,0.0
0.0475815597,-1.79815703e-05,-1.36571499e-05,0.0,0.0
0.0475815598,-1.7981180999999998e-05,-1.36571499e-05,0.0,0.0
0.0475815602,-1.79803935e-05,-1.36571499e-05,0.0,0.0
0.0475815609,-1.79787958e-05,-1.36571499e-05,0.0,0.0
0.047581562300000005,-1.79755488e-05,-1.36571499e-05,0.0,0.0
0.0475815642,-1.79710807e-05,-1.36571499e-05,0.0,0.0
0.0475815667,-1.79649154e-05,-1.36571499e-05,0.0,0.0
0.0475815703,-1.79564209e-05,-1.36571499e-05,0.0,0.0
0.0475815755,-1.79439618e-05,-1.36571499e-05,0.0,0.0
0.047581583000000004,-1.79258637e-05,-1.36571499e-05,0.0,0.0
0.0475815938,-1.7900033599999998e-05,-1.36571499e-05,0.0,0.0
0.04758160920000001,-1.78632666e-05,-1.36571499e-05,0.0,0.0
0.047581631299999996,-1.78106739e-05,-1.36571499e-05,0.0,0.0
0.0475816632,-1.7735617099999998e-05,-1.36571499e-05,0.0,0.0
0.0475817091,-1.76286989e-05,-1.36571499e-05,0.0,0.0
0.0475817753,-1.7477304700000002e-05,-1.36571499e-05,0.0,0.0
0.047581870799999995,-1.72646449e-05,-1.36571499e-05,0.0,0.0
0.0475820086,-1.69697493e-05,-1.36571499e-05,0.0,0.0
0.047582207599999995,-1.65694927e-05,-1.36571499e-05,0.0,0.0
0.0475824954,-1.60460537e-05,-1.36571499e-05,0.0,0.0
0.0475829112,-1.54059013e-05,-1.36571499e-05,0.0,0.0
0.047583512200000004,-1.4713492e-05,-1.36571499e-05,0.0,0.0
0.0475843813,-1.411432e-05,-1.36571499e-05,0.0,0.0
0.0475856382,-1.37548055e-05,-1.36571499e-05,0.0,0.0
0.0475874014,-1.36680458e-05,-1.36571499e-05,0.0,0.0
0.0475893455,-1.36572227e-05,-1.36571499e-05,0.0,0.0
0.0475918445,-1.3655933599999999e-05,-1.36571499e-05,0.0,0.0
0.04759619030000001,-1.3656642299999999e-05,-1.36571499e-05,0.0,0.0
0.047602552400000005,-1.36579651e-05,-1.36571499e-05,0.0,0.0
0.047611809899999996,-1.36559439e-05,-1.36571499e-05,0.0,0.0
0.0476251719,-1.3658476999999998e-05,-1.36571499e-05,0.0,0.0
0.047644319600000005,-1.36557324e-05,-1.36571499e-05,0.0,0.0
0.0476725978,-1.3658602699999998e-05,-1.36571499e-05,0.0,0.0
0.0477146914,-1.36556618e-05,-1.36571499e-05,0.0,0.0
0.0477808409,-1.3658646399999999e-05,-1.36571499e-05,0.0,0.0
0.0479131399,-1.3655632999999999e-05,-1.36571499e-05,0.0,0.0
0.048177738,-1.36586525e-05,-1.36571499e-05,0.0,0.0
0.048620688,-1.36556344e-05,-1.36571499e-05,0.0,0.0
0.0495065878,-1.3658653899999998e-05,-1.36571499e-05,0.0,0.0
0.0512783875,-1.36556295e-05,-1.36571499e-05,0.0,0.0
0.054753381,-1.36586555e-05,-1.36571499e-05,0.0,0.0
0.061703367800000006,-1.3655628699999998e-05,-1.36571499e-05,0.0,0.0
0.0756033416,-1.3658655299999999e-05,-1.36571499e-05,0.0,0.0
0.09560334159999999,-1.3655637e-05,-1.36571499e-05,0.0,0.0
0.11560334159999999,-1.3658662e-05,-1.36571499e-05,0.0,0.0
0.13560334159999998,-1.3655636299999998e-05,-1.36571499e-05,0.0,0.0
0.1556033416,-1.36586623e-05,-1.36571499e-05,0.0,0.0
0.1756033416,-1.36556362e-05,-1.36571499e-05,0.0,0.0
0.1956033416,-1.36586624e-05,-1.36571499e-05,0.0,0.0
0.2006413156,-1.36556365e-05,-1.36571499e-05,0.0,0.0
0.20064131570000002,-1.36574106e-05,-1.36571499e-05,0.0,0.0180000015
0.2006413159,-1.36574106e-05,-1.36571499e-05,0.0,0.054000004500000004
0.2006413163,-1.36574104e-05,-1.36571499e-05,0.0,0.1260000105
0.20064131710000002,-1.3657410199999998e-05,-1.36571499e-05,0.0,0.2700000225
0.20064131750000003,-1.36574101e-05,-1.36571499e-05,0.0,0.3420000285
0.2006413179,-1.365741e-05,-1.3657149799999999e-05,0.0,0.4204661771
0.2006413182,-1.3657409899999998e-05,-1.3657149799999999e-05,0.0,0.4703115699
0.20064131850000003,-1.36574098e-05,-1.3657149799999999e-05,0.0,0.5160209462
0.2006413188,-1.3657411299999999e-05,-1.3657149799999999e-05,0.0,0.5668180427999999
0.2006413188,-1.3657413e-05,-1.3657149799999999e-05,0.0,0.5775669646
0.2006413189,-1.36574463e-05,-1.3657149799999999e-05,0.0,0.5990648081000001
0.200641319,-1.3657467399999999e-05,-1.3657149799999999e-05,0.0,0.6049263992999999
0.200641319,-1.36575304e-05,-1.3657149799999999e-05,0.0,0.6166495817000001
0.20064131910000002,-1.3657632599999998e-05,-1.3657149799999999e-05,0.0,0.6320221949000001
0.2006413192,-1.3657732799999998e-05,-1.3657149799999999e-05,0.0,0.6464709771
0.2006413193,-1.36578562e-05,-1.3657149799999999e-05,0.0,0.6640645737
0.20064131950000003,-1.3658091699999999e-05,-1.3657149799999999e-05,0.0,0.6973483145
0.20064131990000003,-1.36585683e-05,-1.3657149799999999e-05,0.0,0.763915796
0.2006413205,-1.36600117e-05,-1.3657149799999999e-05,0.0,0.8877640028
0.2006413211,-1.36629885e-05,-1.3657149799999999e-05,0.0,0.9931411748000001
0.20064132169999999,-1.36672429e-05,-1.3657149799999999e-05,0.0,1.0941416
0.2006413219,-1.36689854e-05,-1.3657149799999999e-05,0.0,1.1340271
0.20064132240000002,-1.36724917e-05,-1.3657149799999999e-05,0.0,1.2137982
0.2006413232,-1.3679488799999998e-05,-1.3657149799999999e-05,0.0,1.3733404
0.20064132440000002,-1.36888573e-05,-1.3657149799999999e-05,0.0,1.5866702
0.2006413256,-1.36982227e-05,-1.3657149799999999e-05,0.0,1.8
0.2006413257,-1.3699013e-05,-1.3657149799999999e-05,0.0,1.8
0.2006413259,-1.3700594399999999e-05,-1.3657149799999999e-05,0.0,1.8
0.2006413263,-1.3703424599999999e-05,-1.3657149799999999e-05,0.0,1.8
0.20064132699999998,-1.3709078699999998e-05,-1.3657149799999999e-05,0.0,1.8
0.20064132839999999,-1.3720354999999999e-05,-1.3657149799999999e-05,0.0,1.8
0.2006413313,-1.3742779499999999e-05,-1.3657149799999999e-05,0.0,1.8
0.200641337,-1.37871237e-05,-1.3657149799999999e-05,0.0,1.8
0.20064134849999998,-1.38738471e-05,-1.3657149799999999e-05,0.0,1.8
0.2006413714,-1.4039844e-05,-1.3657149799999999e-05,0.0,1.8
0.2006414172,-1.43449297e-05,-1.3657149799999999e-05,0.0,1.8
0.2006415088,-1.48659165e-05,-1.3657149799999999e-05,0.0,1.8
0.2006416921,-1.56509347e-05,-1.3657149799999999e-05,0.0,1.8
0.20064198870000002,-1.6470531099999997e-05,-1.3657149799999999e-05,0.0,1.8
0.2006423594,-1.7060589700000002e-05,-1.36571499e-05,0.0,1.8
0.2006428384,-1.7480471399999997e-05,-1.36571499e-05,0.0,1.8
0.2006434753,-1.77485843e-05,-1.36571499e-05,0.0,1.8
0.2006443731,-1.7904684799999997e-05,-1.36571499e-05,0.0,1.8
0.2006456255,-1.79669865e-05,-1.36571499e-05,0.0,1.8
0.2006474262,-1.79844349e-05,-1.36571499e-05,0.0,1.8
0.20065031149999998,-1.79869306e-05,-1.36571499e-05,0.0,1.8
0.2006550294,-1.7990318299999997e-05,-1.36571499e-05,0.0,1.8
0.20066446529999998,-1.79877162e-05,-1.36571499e-05,0.0,1.8
0.2006824082,-1.79905047e-05,-1.36571499e-05,0.0,1.8
0.20071549400000002,-1.79874185e-05,-1.36571499e-05,0.0,1.8
0.2007413156,-1.7990354e-05,-1.36571499e-05,0.0,1.8
0.2007413157,-1.79878044e-05,-1.36571499e-05,0.0,1.7819999
0.2007413159,-1.79878053e-05,-1.36571499e-05,0.0,1.7459999
0.2007413163,-1.7987807499999998e-05,-1.36571499e-05,0.0,1.6739999
0.2007413171,-1.7987810599999998e-05,-1.36571499e-05,0.0,1.5299999
0.2007413187,-1.7987805e-05,-1.36571499e-05,0.0,1.2419999
0.20074132190000002,-1.79874719e-05,-1.36571499e-05,0.0,0.6659999056
0.2007413224,-1.79873337e-05,-1.36571499e-05,0.0,0.5827499186
0.2007413233,-1.7986469299999998e-05,-1.36571499e-05,0.0,0.41624994470000004
0.2007413244,-1.79845279e-05,-1.36571499e-05,0.0,0.2204046397
0.200741325,-1.79832152e-05,-1.36571499e-05,0.0,0.1102023173
0.2007413253,-1.7982540499999997e-05,-1.36571499e-05,0.0,0.0551011586
0.20074132560000002,-1.79818597e-05,-1.36571499e-05,0.0,0.0
0.2007413257,-1.7981635e-05,-1.36571499e-05,0.0,0.0
0.2007413258,-1.79813726e-05,-1.36571499e-05,0.0,0.0
0.200741326,-1.7980982999999996e-05,-1.36571499e-05,0.0,0.0
0.2007413263,-1.79801964e-05,-1.36571499e-05,0.0,0.0
0.20074132700000002,-1.7978603499999997e-05,-1.36571499e-05,0.0,0.0
0.2007413284,-1.79753721e-05,-1.36571499e-05,0.0,0.0
0.2007413304,-1.7970715899999996e-05,-1.36571499e-05,0.0,0.0
0.200741333,-1.79643275e-05,-1.36571499e-05,0.0,0.0
0.20074133670000002,-1.7955542099999998e-05,-1.36571499e-05,0.0,0.0
0.20074134200000002,-1.79427477e-05,-1.36571499e-05,0.0,0.0
0.2007413498,-1.79241087e-05,-1.36571499e-05,0.0,0.0
0.2007413609,-1.7897462799999998e-05,-1.36571499e-05,0.0,0.0
0.2007413768,-1.78595358e-05,-1.36571499e-05,0.0,0.0
0.2007413997,-1.78053333e-05,-1.36571499e-05,0.0,0.0
0.2007414325,-1.7727948199999998e-05,-1.36571499e-05,0.0,0.0
0.20074147990000002,-1.7617765599999996e-05,-1.36571499e-05,0.0,0.0
0.2007415482,-1.7461816299999998e-05,-1.36571499e-05,0.0,0.0
0.2007416467,-1.72429701e-05,-1.36571499e-05,0.0,0.0
0.2007417889,-1.69399402e-05,-1.36571499e-05,0.0,0.0
0.2007419944,-1.65296488e-05,-1.36571499e-05,0.0,0.0
0.2007422914,-1.59953693e-05,-1.36571499e-05,0.0,0.0
0.2007427205,-1.53470848e-05,-1.36571499e-05,0.0,0.0
0.20074334089999998,-1.4655937499999999e-05,-1.36571499e-05,0.0,0.0
0.2007442378,-1.40729209e-05,-1.36571499e-05,0.0,0.0
0.2007455351,-1.37357764e-05,-1.36571499e-05,0.0,0.0
0.20074728970000003,-1.3667247899999998e-05,-1.36571499e-05,0.0,0.0
0.2007492724,-1.36566601e-05,-1.36571499e-05,0.0,0.0
0.2007518314,-1.36572113e-05,-1.36571499e-05,0.0,0.0
0.2007563003,-1.36558506e-05,-1.36571499e-05,0.0,0.0
0.20076281810000002,-1.36587476e-05,-1.36571499e-05,0.0,0.0
0.20077231580000002,-1.3655295799999999e-05,-1.36571499e-05,0.0,0.0
0.2007859855,-1.3659108700000001e-05,-1.36571499e-05,0.0,0.0
0.20080562770000002,-1.36551273e-05,-1.36571499e-05,0.0,0.0
0.20083459490000002,-1.3659201599999999e-05,-1.36571499e-05,0.0,0.0
0.2008778946,-1.3655072399999999e-05,-1.36571499e-05,0.0,0.0
0.200946408,-1.3659234799999999e-05,-1.36571499e-05,0.0,0.0
0.2010834347,-1.36550513e-05,-1.36571499e-05,0.0,0.0
0.2013574883,-1.365924e-05,-1.36571499e-05,0.0,0.0
0.20181913599999998,-1.36550512e-05,-1.36571499e-05,0.0,0.0
0.20274243139999998,-1.36592414e-05,-1.36571499e-05,0.0,0.0
0.2045890221,-1.36550481e-05,-1.36571499e-05,0.0,0.0
0.2082687282,-1.3659242e-05,-1.36571499e-05,0.0,0.0
0.2156281404,-1.36550478e-05,-1.36571499e-05,0.0,0.0
0.2303469648,-1.36592422e-05,-1.36571499e-05,0.0,0.0
0.2503469648,-1.3655053199999999e-05,-1.36571499e-05,0.0,0.0
0.27034696480000003,-1.36592462e-05,-1.36571499e-05,0.0,0.0
0.29034696480000005,-1.3655052599999999e-05,-1.36571499e-05,0.0,0.0
0.3103469648,-1.36592464e-05,-1.36571499e-05,0.0,0.0
0.33034696480000003,-1.3655052599999999e-05,-1.36571499e-05,0.0,0.0
0.35034696480000005,-1.36592465e-05,-1.36571499e-05,0.0,0.0
0.3703469648,-1.3655052499999999e-05,-1.36571499e-05,0.0,0.0
0.39034696480000003,-1.3659246599999998e-05,-1.36571499e-05,0.0,0.0
0.41034696480000005,-1.36550524e-05,-1.36571499e-05,0.0,0.0
0.4168452286,-1.36592477e-05,-1.36571499e-05,0.0,0.0
0.4168452287,-1.36569445e-05,-1.36571499e-05,0.0,0.0180000015
0.41684522890000003,-1.3656944599999998e-05,-1.36571499e-05,0.0,0.054000004500000004
0.41684522930000006,-1.3656944599999998e-05,-1.36571499e-05,0.0,0.1260000105
0.41684523009999996,-1.36569448e-05,-1.36571499e-05,0.0,0.2700000225
0.4168452305,-1.3656944899999998e-05,-1.36571499e-05,0.0,0.3420000285
0.4168452309,-1.3656945e-05,-1.36571499e-05,0.0,0.4204663819
0.4168452312,-1.36569451e-05,-1.36571499e-05,0.0,0.4703118597
0.4168452314,-1.36569451e-05,-1.36571499e-05,0.0,0.516021306
0.4168452317,-1.36569468e-05,-1.36571499e-05,0.0,0.5668184325
0.41684523180000005,-1.3656948499999999e-05,-1.36571499e-05,0.0,0.5775673942
0.4168452319,-1.3656981799999999e-05,-1.36571499e-05,0.0,0.5990653177
0.4168452319,-1.36570029e-05,-1.36571499e-05,0.0,0.604926739
0.416845232,-1.3657066e-05,-1.36571499e-05,0.0,0.6166495817000001
0.41684523209999996,-1.36571682e-05,-1.36571499e-05,0.0,0.6320227645000001
0.4168452322,-1.36572685e-05,-1.36571499e-05,0.0,0.6464714767
0.41684523230000003,-1.36573919e-05,-1.36571499e-05,0.0,0.6640656628
0.4168452325,-1.36576275e-05,-1.36571499e-05,0.0,0.6973499680999999
0.4168452328,-1.36581042e-05,-1.36571499e-05,0.0,0.7639185788
0.4168452335,-1.36595485e-05,-1.36571499e-05,0.0,0.8877601559
0.4168452341,-1.36625259e-05,-1.36571499e-05,0.0,0.9931163697
0.4168452347,-1.36667812e-05,-1.36571499e-05,0.0,1.0941189
0.4168452349,-1.36685225e-05,-1.36571499e-05,0.0,1.1339725
0.4168452353,-1.3672026499999998e-05,-1.36571499e-05,0.0,1.2136796
0.4168452362,-1.3679019200000001e-05,-1.36571499e-05,0.0,1.3730938
0.41684523739999996,-1.36883945e-05,-1.36571499e-05,0.0,1.5865469
0.4168452386,-1.36977667e-05,-1.36571499e-05,0.0,1.8
0.4168452387,-1.3698557199999998e-05,-1.36571499e-05,0.0,1.8
0.4168452389,-1.37001388e-05,-1.36571499e-05,0.0,1.8
0.4168452392,-1.3702970399999998e-05,-1.36571499e-05,0.0,1.8
0.41684524,-1.37086272e-05,-1.36571499e-05,0.0,1.8
0.4168452414,-1.3719908999999998e-05,-1.36571499e-05,0.0,1.8
0.4168452442,-1.3742344199999999e-05,-1.36571499e-05,0.0,1.8
0.41684525000000006,-1.37867095e-05,-1.36571499e-05,0.0,1.8
0.41684526140000006,-1.38734734e-05,-1.36571499e-05,0.0,1.8
0.4168452843,-1.40395451e-05,-1.36571499e-05,0.0,1.8
0.4168453302,-1.4344758799999998e-05,-1.36571499e-05,0.0,1.8
0.4168454218,-1.48659358e-05,-1.36571499e-05,0.0,1.8
0.4168456052,-1.5651170199999998e-05,-1.36571499e-05,0.0,1.8
0.4168459018,-1.64706646e-05,-1.36571499e-05,0.0,1.8
0.4168462725,-1.7060681299999997e-05,-1.36571499e-05,0.0,1.8
0.4168467515,-1.7480525599999998e-05,-1.36571499e-05,0.0,1.8
0.4168473885,-1.77486226e-05,-1.36571499e-05,0.0,1.8
0.4168482863,-1.79047024e-05,-1.36571499e-05,0.0,1.8
0.41684953880000003,-1.79669925e-05,-1.36571499e-05,0.0,1.8
0.41685133960000004,-1.79844364e-05,-1.36571499e-05,0.0,1.8
0.4168542252,-1.7986931599999997e-05,-1.36571499e-05,0.0,1.8
0.4168589435,-1.7990319199999998e-05,-1.36571499e-05,0.0,1.8
0.41686838000000004,-1.79877165e-05,-1.36571499e-05,0.0,1.8
0.4168863176,-1.7990506e-05,-1.36571499e-05,0.0,1.8
0.41691938920000005,-1.79874178e-05,-1.36571499e-05,0.0,1.8
0.4169452286,-1.79903549e-05,-1.36571499e-05,0.0,1.8
0.4169452287,-1.7987803299999997e-05,-1.36571499e-05,0.0,1.7819999
0.4169452289,-1.7987804199999998e-05,-1.36571499e-05,0.0,1.7459999
0.4169452293,-1.79878064e-05,-1.36571499e-05,0.0,1.6739999
0.4169452301,-1.79878095e-05,-1.36571499e-05,0.0,1.5299999
0.41694523170000003,-1.79878038e-05,-1.36571499e-05,0.0,1.2419999
0.4169452349,-1.79874708e-05,-1.36571499e-05,0.0,0.6659999119000001
0.4169452353,-1.7987332599999997e-05,-1.36571499e-05,0.0,0.5827499254
0.41694523629999997,-1.79864682e-05,-1.36571499e-05,0.0,0.4162499524
0.4169452374,-1.79845268e-05,-1.36571499e-05,0.0,0.2204046534
0.41694523800000005,-1.79832141e-05,-1.36571499e-05,0.0,0.1102023267
0.4169452383,-1.79825394e-05,-1.36571499e-05,0.0,0.055101163300000006
0.4169452386,-1.79818586e-05,-1.36571499e-05,0.0,0.0
0.4169452387,-1.79816339e-05,-1.36571499e-05,0.0,0.0
0.41694523880000006,-1.7981371500000002e-05,-1.36571499e-05,0.0,0.0
0.416945239,-1.79809819e-05,-1.36571499e-05,0.0,0.0
0.41694523930000005,-1.79801953e-05,-1.36571499e-05,0.0,0.0
0.41694524,-1.79786024e-05,-1.36571499e-05,0.0,0.0
0.4169452414,-1.7975370999999998e-05,-1.36571499e-05,0.0,0.0
0.41694524330000005,-1.79707148e-05,-1.36571499e-05,0.0,0.0
0.416945246,-1.79643264e-05,-1.36571499e-05,0.0,0.0
0.41694524969999996,-1.7955541e-05,-1.36571499e-05,0.0,0.0
0.41694525499999996,-1.79427466e-05,-1.36571499e-05,0.0,0.0
0.41694526280000005,-1.79241077e-05,-1.36571499e-05,0.0,0.0
0.4169452739,-1.78974617e-05,-1.36571499e-05,0.0,0.0
0.4169452898,-1.78595347e-05,-1.36571499e-05,0.0,0.0
0.4169453126,-1.78053323e-05,-1.36571499e-05,0.0,0.0
0.4169453455,-1.77279472e-05,-1.36571499e-05,0.0,0.0
0.4169453929,-1.76177646e-05,-1.36571499e-05,0.0,0.0
0.41694546120000003,-1.7461815300000002e-05,-1.36571499e-05,0.0,0.0
0.4169455597,-1.72429692e-05,-1.36571499e-05,0.0,0.0
0.4169457019,-1.69399394e-05,-1.36571499e-05,0.0,0.0
0.41694590740000004,-1.6529648099999998e-05,-1.36571499e-05,0.0,0.0
0.4169462043,-1.59953686e-05,-1.36571499e-05,0.0,0.0
0.41694663350000005,-1.53470844e-05,-1.36571499e-05,0.0,0.0
0.41694725380000003,-1.4655937299999999e-05,-1.36571499e-05,0.0,0.0
0.41694815080000003,-1.40729208e-05,-1.36571499e-05,0.0,0.0
0.4169494481,-1.37357764e-05,-1.36571499e-05,0.0,0.0
0.4169512027,-1.3667247899999998e-05,-1.36571499e-05,0.0,0.0
0.4169531854,-1.36566601e-05,-1.36571499e-05,0.0,0.0
0.4169557443,-1.36572113e-05,-1.36571499e-05,0.0,0.0
0.41696021330000005,-1.36558506e-05,-1.36571499e-05,0.0,0.0
0.4169667311,-1.36587476e-05,-1.36571499e-05,0.0,0.0
0.4169762288,-1.3655295799999999e-05,-1.36571499e-05,0.0,0.0
0.4169898985,-1.3659108700000001e-05,-1.36571499e-05,0.0,0.0
0.4170095407,-1.36551273e-05,-1.36571499e-05,0.0,0.0
0.4170385079,-1.3659201599999999e-05,-1.36571499e-05,0.0,0.0
0.4170818075,-1.3655072399999999e-05,-1.36571499e-05,0.0,0.0
0.4171503209,-1.3659234799999999e-05,-1.36571499e-05,0.0,0.0
0.41728734770000003,-1.36550513e-05,-1.36571499e-05,0.0,0.0
0.4175614013,-1.365924e-05,-1.36571499e-05,0.0,0.0
0.4180230489,-1.36550512e-05,-1.36571499e-05,0.0,0.0
0.4189463442,-1.36592414e-05,-1.36571499e-05,0.0,0.0
0.42079293489999997,-1.36550481e-05,-1.36571499e-05,0.0,0.0
0.4244726407,-1.3659242e-05,-1.36571499e-05,0.0,0.0
0.4318320524,-1.36550478e-05,-1.36571499e-05,0.0,0.0
0.4465508757,-1.36592422e-05,-1.36571499e-05,0.0,0.0
0.46655087570000003,-1.3655053199999999e-05,-1.36571499e-05,0.0,0.0
0.4865508757,-1.36592462e-05,-1.36571499e-05,0.0,0.0
0.49477741680000004,-1.3655052799999999e-05,-1.36571499e-05,0.0,0.0
0.4947774169,-1.36573559e-05,-1.36571499e-05,0.0,0.0180000015
0.4947774171,-1.3657355799999999e-05,-1.36571499e-05,0.0,0.054000004500000004
0.49477741750000004,-1.3657355699999999e-05,-1.36571499e-05,0.0,0.1260000105
0.49477741830000005,-1.36573556e-05,-1.36571499e-05,0.0,0.2700000225
0.4947774187,-1.3657355499999999e-05,-1.36571499e-05,0.0,0.3420000285
0.4947774191,-1.3657355399999999e-05,-1.36571499e-05,0.0,0.42046620209999996
0.4947774194,-1.36573553e-05,-1.36571499e-05,0.0,0.47031160990000004
0.4947774197,-1.36573552e-05,-1.36571499e-05,0.0,0.5160209962
0.49477742,-1.36573568e-05,-1.36571499e-05,0.0,0.5668181028
0.49477742,-1.36573585e-05,-1.36571499e-05,0.0,0.5775670345
0.4947774201,-1.3657391799999999e-05,-1.36571499e-05,0.0,0.599064898
0.4947774202,-1.3657412799999998e-05,-1.36571499e-05,0.0,0.6049264592
0.4947774202,-1.36574758e-05,-1.36571499e-05,0.0,0.6166495817000001
0.49477742030000005,-1.3657578000000001e-05,-1.36571499e-05,0.0,0.6320222848
0.4947774204,-1.36576783e-05,-1.36571499e-05,0.0,0.646471057
0.4947774205,-1.3657801699999999e-05,-1.36571499e-05,0.0,0.6640647435
0.4947774207,-1.36580372e-05,-1.36571499e-05,0.0,0.6973485593000001
0.49477742110000006,-1.36585138e-05,-1.36571499e-05,0.0,0.7639161907
0.4947774217,-1.36599573e-05,-1.36571499e-05,0.0,0.8877643125
0.49477742230000005,-1.36629342e-05,-1.36571499e-05,0.0,0.9931413197000001
0.4947774229,-1.3667188599999999e-05,-1.36571499e-05,0.0,1.0941417
0.49477742310000006,-1.3668931099999999e-05,-1.36571499e-05,0.0,1.1340269
0.49477742360000004,-1.3672437399999999e-05,-1.36571499e-05,0.0,1.2137972
0.4947774244,-1.3679434599999999e-05,-1.36571499e-05,0.0,1.3733379
0.49477742560000004,-1.36888033e-05,-1.36571499e-05,0.0,1.5866689
0.49477742680000003,-1.36981689e-05,-1.36571499e-05,0.0,1.8
0.49477742690000004,-1.36989593e-05,-1.36571499e-05,0.0,1.8
0.4947774271,-1.37005407e-05,-1.36571499e-05,0.0,1.8
0.4947774275,-1.3703371e-05,-1.36571499e-05,0.0,1.8
0.4947774282,-1.3709025199999999e-05,-1.36571499e-05,0.0,1.8
0.49477742960000004,-1.37203017e-05,-1.36571499e-05,0.0,1.8
0.4947774325,-1.37427267e-05,-1.36571499e-05,0.0,1.8
0.49477743820000003,-1.3787071799999999e-05,-1.36571499e-05,0.0,1.8
0.4947774497,-1.3873797e-05,-1.36571499e-05,0.0,1.8
0.49477747260000005,-1.4039797299999999e-05,-1.36571499e-05,0.0,1.8
0.4947775184,-1.4344889e-05,-1.36571499e-05,0.0,1.8
0.49477761,-1.4865885199999998e-05,-1.36571499e-05,0.0,1.8
0.4947777933,-1.56509157e-05,-1.36571499e-05,0.0,1.8
0.4947780899,-1.6470513499999998e-05,-1.36571499e-05,0.0,1.8
0.4947784606,-1.70605757e-05,-1.36571499e-05,0.0,1.8
0.4947789396,-1.7480461099999998e-05,-1.36571499e-05,0.0,1.8
0.49477957650000004,-1.77485782e-05,-1.36571499e-05,0.0,1.8
0.4947804743,-1.79046818e-05,-1.36571499e-05,0.0,1.8
0.4947817266,-1.79669856e-05,-1.36571499e-05,0.0,1.8
0.4947835273,-1.79844347e-05,-1.36571499e-05,0.0,1.8
0.4947864126,-1.79869306e-05,-1.36571499e-05,0.0,1.8
0.4947911304,-1.79903184e-05,-1.36571499e-05,0.0,1.8
0.49480056610000006,-1.79877162e-05,-1.36571499e-05,0.0,1.8
0.4948185083,-1.79905047e-05,-1.36571499e-05,0.0,1.8
0.4948515925,-1.79874184e-05,-1.36571499e-05,0.0,1.8
0.4948774168,-1.7990354e-05,-1.36571499e-05,0.0,1.8
0.49487741690000003,-1.79878043e-05,-1.36571499e-05,0.0,1.7819999
0.4948774171,-1.79878052e-05,-1.36571499e-05,0.0,1.7459999
0.49487741749999997,-1.79878074e-05,-1.36571499e-05,0.0,1.6739999
0.4948774183,-1.7987810499999996e-05,-1.36571499e-05,0.0,1.5299999
0.4948774199,-1.79878049e-05,-1.36571499e-05,0.0,1.2419999
0.4948774231,-1.79874719e-05,-1.36571499e-05,0.0,0.6659999056
0.4948774236,-1.79873336e-05,-1.36571499e-05,0.0,0.5827499186
0.49487742450000005,-1.7986469199999996e-05,-1.36571499e-05,0.0,0.41624994470000004
0.4948774256,-1.7984527799999997e-05,-1.36571499e-05,0.0,0.2204046447
0.4948774262,-1.7983215099999997e-05,-1.36571499e-05,0.0,0.1102023173
0.49487742650000005,-1.7982540400000002e-05,-1.36571499e-05,0.0,0.05510115360000001
0.4948774268,-1.79818596e-05,-1.36571499e-05,0.0,0.0
0.4948774269,-1.7981634899999998e-05,-1.36571499e-05,0.0,0.0
0.49487742700000004,-1.79813726e-05,-1.36571499e-05,0.0,0.0
0.4948774272,-1.7980982999999996e-05,-1.36571499e-05,0.0,0.0
0.4948774275,-1.79801964e-05,-1.36571499e-05,0.0,0.0
0.4948774282,-1.7978603499999997e-05,-1.36571499e-05,0.0,0.0
0.49487742960000003,-1.7975372e-05,-1.36571499e-05,0.0,0.0
0.49487743160000003,-1.79707158e-05,-1.36571499e-05,0.0,0.0
0.49487743419999997,-1.79643275e-05,-1.36571499e-05,0.0,0.0
0.49487743790000005,-1.7955542e-05,-1.36571499e-05,0.0,0.0
0.49487744320000004,-1.79427476e-05,-1.36571499e-05,0.0,0.0
0.494877451,-1.79241087e-05,-1.36571499e-05,0.0,0.0
0.4948774621,-1.7897462799999998e-05,-1.36571499e-05,0.0,0.0
0.494877478,-1.7859535699999998e-05,-1.36571499e-05,0.0,0.0
0.4948775009,-1.78053333e-05,-1.36571499e-05,0.0,0.0
0.49487753370000004,-1.7727948199999998e-05,-1.36571499e-05,0.0,0.0
0.4948775811,-1.76177655e-05,-1.36571499e-05,0.0,0.0
0.4948776494,-1.7461816299999998e-05,-1.36571499e-05,0.0,0.0
0.4948777479,-1.72429701e-05,-1.36571499e-05,0.0,0.0
0.4948778901,-1.69399402e-05,-1.36571499e-05,0.0,0.0
0.4948780956,-1.65296489e-05,-1.36571499e-05,0.0,0.0
0.4948783926,-1.5995369399999998e-05,-1.36571499e-05,0.0,0.0
0.4948788217,-1.5347084899999998e-05,-1.36571499e-05,0.0,0.0
0.4948794421,-1.4655937599999999e-05,-1.36571499e-05,0.0,0.0
0.494880339,-1.4072920999999998e-05,-1.36571499e-05,0.0,0.0
0.49488163630000004,-1.3735776499999999e-05,-1.36571499e-05,0.0,0.0
0.4948833909,-1.3667247899999998e-05,-1.36571499e-05,0.0,0.0
0.4948853736,-1.36566601e-05,-1.36571499e-05,0.0,0.0
0.4948879326,-1.36572113e-05,-1.36571499e-05,0.0,0.0
0.4948924015,-1.36558506e-05,-1.36571499e-05,0.0,0.0
0.4948989193,-1.36587476e-05,-1.36571499e-05,0.0,0.0
0.494908417,-1.3655295799999999e-05,-1.36571499e-05,0.0,0.0
0.49492208670000004,-1.3659108700000001e-05,-1.36571499e-05,0.0,0.0
0.4949417289,-1.36551273e-05,-1.36571499e-05,0.0,0.0
0.4949706961,-1.3659201599999999e-05,-1.36571499e-05,0.0,0.0
0.4950139958,-1.3655072399999999e-05,-1.36571499e-05,0.0,0.0
0.4950825091,-1.3659234799999999e-05,-1.36571499e-05,0.0,0.0
0.4952195359,-1.36550513e-05,-1.36571499e-05,0.0,0.0
0.4954935895,-1.365924e-05,-1.36571499e-05,0.0,0.0
0.4959552371,-1.36550512e-05,-1.36571499e-05,0.0,0.0
0.4968785323,-1.36592414e-05,-1.36571499e-05,0.0,0.0
0.49872512280000003,-1.36550481e-05,-1.36571499e-05,0.0,0.0
0.5024048282,-1.3659242e-05,-1.36571499e-05,0.0,0.0
0.5097642391,-1.36550478e-05,-1.36571499e-05,0.0,0.0
0.5244830608,-1.36592422e-05,-1.36571499e-05,0.0,0.0
0.5444830608,-1.3655053199999999e-05,-1.36571499e-05,0.0,0.0
0.5644830608,-1.36592462e-05,-1.36571499e-05,0.0,0.0
0.5844830608,-1.3655052599999999e-05,-1.36571499e-05,0.0,0.0
0.6044830608,-1.36592464e-05,-1.36571499e-05,0.0,0.0
0.6076284707999999,-1.3655052599999999e-05,-1.36571499e-05,0.0,0.0
0.6076284709,-1.3657355699999999e-05,-1.36571499e-05,0.0,0.018000001600000003
0.6076284711,-1.3657355699999999e-05,-1.36571499e-05,0.0,0.0540000048
0.6076284715000001,-1.36573556e-05,-1.36571499e-05,0.0,0.1260000112
0.6076284723,-1.3657355399999999e-05,-1.36571499e-05,0.0,0.270000024
0.6076284727,-1.36573553e-05,-1.36571499e-05,0.0,0.34200003040000004
0.6076284732,-1.36573552e-05,-1.36571499e-05,0.0,0.4204662044
0.6076284735,-1.36573552e-05,-1.36571499e-05,0.0,0.47031161250000003
0.6076284737,-1.36573551e-05,-1.36571499e-05,0.0,0.5160210091
0.607628474,-1.36573566e-05,-1.36571499e-05,0.0,0.5668181159
0.6076284741,-1.3657358299999999e-05,-1.36571499e-05,0.0,0.5775670377000001
0.6076284742,-1.3657391599999999e-05,-1.36571499e-05,0.0,0.5990648813
0.6076284742,-1.36574127e-05,-1.36571499e-05,0.0,0.6049264326
0.6076284743,-1.36574757e-05,-1.36571499e-05,0.0,0.6166495352
0.6076284744,-1.36575779e-05,-1.36571499e-05,0.0,0.6320222184000001
0.6076284744,-1.36576781e-05,-1.36571499e-05,0.0,0.6464709807000001
0.6076284745,-1.36578016e-05,-1.36571499e-05,0.0,0.6640646473
0.6076284747,-1.3658037e-05,-1.36571499e-05,0.0,0.6973483433000001
0.6076284751,-1.3658513599999998e-05,-1.36571499e-05,0.0,0.7639157353000001
0.6076284758,-1.3659957099999999e-05,-1.36571499e-05,0.0,0.8877637679
0.6076284764,-1.3662933999999999e-05,-1.36571499e-05,0.0,0.9931407557
0.6076284769,-1.36671884e-05,-1.36571499e-05,0.0,1.0941411
0.6076284771000001,-1.3668930899999999e-05,-1.36571499e-05,0.0,1.1340265
0.6076284776,-1.3672437299999999e-05,-1.36571499e-05,0.0,1.2137972
0.6076284785,-1.36794345e-05,-1.36571499e-05,0.0,1.3733386
0.6076284797,-1.36888032e-05,-1.36571499e-05,0.0,1.5866693
0.6076284808000001,-1.3698168799999999e-05,-1.36571499e-05,0.0,1.8
0.6076284809,-1.3698959199999998e-05,-1.36571499e-05,0.0,1.8
0.6076284811,-1.37005406e-05,-1.36571499e-05,0.0,1.8
0.6076284815,-1.3703370799999999e-05,-1.36571499e-05,0.0,1.8
0.6076284822,-1.3709025e-05,-1.36571499e-05,0.0,1.8
0.6076284837,-1.37203016e-05,-1.36571499e-05,0.0,1.8
0.6076284865,-1.3742726499999999e-05,-1.36571499e-05,0.0,1.8
0.6076284922,-1.37870716e-05,-1.36571499e-05,0.0,1.8
0.6076285037,-1.3873796799999998e-05,-1.36571499e-05,0.0,1.8
0.6076285266,-1.4039796900000001e-05,-1.36571499e-05,0.0,1.8
0.6076285724,-1.4344888399999999e-05,-1.36571499e-05,0.0,1.8
0.6076286639999999,-1.48658844e-05,-1.36571499e-05,0.0,1.8
0.6076288473,-1.56509147e-05,-1.36571499e-05,0.0,1.8
0.6076291439,-1.64705127e-05,-1.36571499e-05,0.0,1.8
0.6076295146,-1.70605752e-05,-1.36571499e-05,0.0,1.8
0.6076299936,-1.7480460699999998e-05,-1.36571499e-05,0.0,1.8
0.6076306306,-1.77485779e-05,-1.36571499e-05,0.0,1.8
0.6076315283,-1.79046817e-05,-1.36571499e-05,0.0,1.8
0.6076327807,-1.79669856e-05,-1.36571499e-05,0.0,1.8
0.6076345814,-1.79844347e-05,-1.36571499e-05,0.0,1.8
0.6076374667,-1.79869306e-05,-1.36571499e-05,0.0,1.8
0.6076421845,-1.79903184e-05,-1.36571499e-05,0.0,1.8
0.6076516201,-1.79877162e-05,-1.36571499e-05,0.0,1.8
0.6076695624,-1.79905047e-05,-1.36571499e-05,0.0,1.8
0.6077026465,-1.79874184e-05,-1.36571499e-05,0.0,1.8
0.6077284708,-1.7990354e-05,-1.36571499e-05,0.0,1.8
0.6077284709,-1.79878043e-05,-1.36571499e-05,0.0,1.7819999
0.6077284711,-1.79878052e-05,-1.36571499e-05,0.0,1.7459999
0.6077284715,-1.79878074e-05,-1.36571499e-05,0.0,1.6739999
0.6077284723,-1.7987810499999996e-05,-1.36571499e-05,0.0,1.5299999
0.6077284739000001,-1.79878049e-05,-1.36571499e-05,0.0,1.2419999
0.6077284771,-1.79874719e-05,-1.36571499e-05,0.0,0.6659998993
0.6077284776,-1.79873336e-05,-1.36571499e-05,0.0,0.5827499119
0.6077284785000001,-1.7986469199999996e-05,-1.36571499e-05,0.0,0.4162499371
0.6077284796,-1.7984527799999997e-05,-1.36571499e-05,0.0,0.2204046359
0.6077284802,-1.7983215099999997e-05,-1.36571499e-05,0.0,0.11020232790000001
0.6077284805000001,-1.7982540400000002e-05,-1.36571499e-05,0.0,0.05510116390000001
0.6077284808000001,-1.79818596e-05,-1.36571499e-05,0.0,0.0
0.6077284809000001,-1.7981634899999998e-05,-1.36571499e-05,0.0,0.0
0.6077284811,-1.79813726e-05,-1.36571499e-05,0.0,0.0
0.6077284812,-1.7980982999999996e-05,-1.36571499e-05,0.0,0.0
0.6077284816,-1.79801964e-05,-1.36571499e-05,0.0,0.0
0.6077284823,-1.7978603499999997e-05,-1.36571499e-05,0.0,0.0
0.6077284836,-1.7975372e-05,-1.36571499e-05,0.0,0.0
0.6077284856,-1.79707158e-05,-1.36571499e-05,0.0,0.0
0.6077284883,-1.79643275e-05,-1.36571499e-05,0.0,0.0
0.6077284919,-1.7955542e-05,-1.36571499e-05,0.0,0.0
0.6077284973,-1.79427476e-05,-1.36571499e-05,0.0,0.0
0.6077285050000001,-1.79241087e-05,-1.36571499e-05,0.0,0.0
0.6077285161999999,-1.7897462799999998e-05,-1.36571499e-05,0.0,0.0
0.6077285321000001,-1.7859535699999998e-05,-1.36571499e-05,0.0,0.0
0.6077285549,-1.78053333e-05,-1.36571499e-05,0.0,0.0
0.6077285878,-1.7727948199999998e-05,-1.36571499e-05,0.0,0.0
0.6077286351000001,-1.76177655e-05,-1.36571499e-05,0.0,0.0
0.6077287034,-1.7461816299999998e-05,-1.36571499e-05,0.0,0.0
0.607728802,-1.72429701e-05,-1.36571499e-05,0.0,0.0
0.6077289442,-1.69399402e-05,-1.36571499e-05,0.0,0.0
0.6077291496,-1.65296489e-05,-1.36571499e-05,0.0,0.0
0.6077294466,-1.5995369399999998e-05,-1.36571499e-05,0.0,0.0
0.6077298757999999,-1.5347084899999998e-05,-1.36571499e-05,0.0,0.0
0.6077304961,-1.4655937599999999e-05,-1.36571499e-05,0.0,0.0
0.6077313931,-1.4072920999999998e-05,-1.36571499e-05,0.0,0.0
0.6077326904,-1.3735776499999999e-05,-1.36571499e-05,0.0,0.0
0.6077344450000001,-1.3667247899999998e-05,-1.36571499e-05,0.0,0.0
0.6077364276,-1.36566601e-05,-1.36571499e-05,0.0,0.0
0.6077389866,-1.36572113e-05,-1.36571499e-05,0.0,0.0
0.6077434556,-1.36558506e-05,-1.36571499e-05,0.0,0.0
0.6077499734,-1.36587476e-05,-1.36571499e-05,0.0,0.0
0.6077594711000001,-1.3655295799999999e-05,-1.36571499e-05,0.0,0.0
0.6077731407,-1.3659108700000001e-05,-1.36571499e-05,0.0,0.0
0.607792783,-1.36551273e-05,-1.36571499e-05,0.0,0.0
0.6078217501000001,-1.3659201599999999e-05,-1.36571499e-05,0.0,0.0
0.6078650498,-1.3655072399999999e-05,-1.36571499e-05,0.0,0.0
0.6079335632,-1.3659234799999999e-05,-1.36571499e-05,0.0,0.0
0.6080705900000001,-1.36550513e-05,-1.36571499e-05,0.0,0.0
0.6083446435,-1.365924e-05,-1.36571499e-05,0.0,0.0
0.6088062911,-1.36550512e-05,-1.36571499e-05,0.0,0.0
0.6097295864000001,-1.36592414e-05,-1.36571499e-05,0.0,0.0
0.6115761769,-1.36550481e-05,-1.36571499e-05,0.0,0.0
0.6152558823000001,-1.3659242e-05,-1.36571499e-05,0.0,0.0
0.6226152932,-1.36550478e-05,-1.36571499e-05,0.0,0.0
0.637334115,-1.36592422e-05,-1.36571499e-05,0.0,0.0
0.657334115,-1.3655053199999999e-05,-1.36571499e-05,0.0,0.0
0.677334115,-1.36592462e-05,-1.36571499e-05,0.0,0.0
0.697334115,-1.3655052599999999e-05,-1.36571499e-05,0.0,0.0
0.717334115,-1.36592464e-05,-1.36571499e-05,0.0,0.0
0.737334115,-1.3655052599999999e-05,-1.36571499e-05,0.0,0.0
0.757334115,-1.36592465e-05,-1.36571499e-05,0.0,0.0
0.777334115,-1.3655052499999999e-05,-1.36571499e-05,0.0,0.0
0.7973341150000001,-1.3659246599999998e-05,-1.36571499e-05,0.0,0.0
0.817334115,-1.36550524e-05,-1.36571499e-05,0.0,0.0
0.837334115,-1.36592467e-05,-1.36571499e-05,0.0,0.0
0.857334115,-1.36550523e-05,-1.36571499e-05,0.0,0.0
0.877334115,-1.36592467e-05,-1.36571499e-05,0.0,0.0
0.897334115,-1.36550523e-05,-1.36571499e-05,0.0,0.0
0.9173341150000001,-1.36592468e-05,-1.36571499e-05,0.0,0.0
0.937334115,-1.36550522e-05,-1.36571499e-05,0.0,0.0
0.957334115,-1.3659246899999998e-05,-1.36571499e-05,0.0,0.0
0.9611413027,-1.36550522e-05,-1.36571499e-05,0.0,0.0
0.9611413028,-1.36573553e-05,-1.36571499e-05,0.0,0.0180000014
0.961141303,-1.36573553e-05,-1.36571499e-05,0.0,0.0540000042
0.9611413034,-1.36573552e-05,-1.36571499e-05,0.0,0.1260000098
0.9611413042000001,-1.3657355000000001e-05,-1.36571499e-05,0.0,0.27000002100000003
0.9611413046,-1.36573549e-05,-1.36571499e-05,0.0,0.3420000266
0.9611413050000001,-1.36573548e-05,-1.36571499e-05,0.0,0.42046621970000003
0.9611413053,-1.36573547e-05,-1.36571499e-05,0.0,0.47031162730000003
0.9611413055000001,-1.36573547e-05,-1.36571499e-05,0.0,0.5160210233
0.9611413058000001,-1.36573562e-05,-1.36571499e-05,0.0,0.5668181296
0.9611413059,-1.36573579e-05,-1.36571499e-05,0.0,0.5775670513
0.961141306,-1.36573912e-05,-1.36571499e-05,0.0,0.5990648947
0.961141306,-1.36574123e-05,-1.36571499e-05,0.0,0.6049264459
0.9611413060999999,-1.3657475299999999e-05,-1.36571499e-05,0.0,0.6166495483
0.9611413062,-1.36575775e-05,-1.36571499e-05,0.0,0.6320222514
0.9611413063,-1.36576777e-05,-1.36571499e-05,0.0,0.6464710135
0.9611413064,-1.36578011e-05,-1.36571499e-05,0.0,0.6640646999
0.9611413065000001,-1.36580366e-05,-1.36571499e-05,0.0,0.6973484355
0.9611413069,-1.3658513199999999e-05,-1.36571499e-05,0.0,0.7639159067000001
0.9611413076,-1.36599567e-05,-1.36571499e-05,0.0,0.887763858
0.9611413082000001,-1.3662933599999999e-05,-1.36571499e-05,0.0,0.9931405648
0.9611413087,-1.3667187999999999e-05,-1.36571499e-05,0.0,1.094141
0.9611413089999999,-1.3668930499999999e-05,-1.36571499e-05,0.0,1.1340258
0.9611413094,-1.36724368e-05,-1.36571499e-05,0.0,1.2137955
0.9611413103,-1.3679434e-05,-1.36571499e-05,0.0,1.3733349
0.9611413115,-1.36888027e-05,-1.36571499e-05,0.0,1.5866674
0.9611413127,-1.36981684e-05,-1.36571499e-05,0.0,1.7999999
0.9611413128,-1.3698958799999998e-05,-1.36571499e-05,0.0,1.8
0.9611413129999999,-1.37005402e-05,-1.36571499e-05,0.0,1.8
0.9611413133,-1.37033705e-05,-1.36571499e-05,0.0,1.8
0.961141314,-1.37090247e-05,-1.36571499e-05,0.0,1.8
0.9611413155,-1.3720301299999999e-05,-1.36571499e-05,0.0,1.8
0.9611413182999999,-1.37427264e-05,-1.36571499e-05,0.0,1.8
0.9611413241000001,-1.3787071799999999e-05,-1.36571499e-05,0.0,1.8
0.9611413355,-1.3873797599999999e-05,-1.36571499e-05,0.0,1.8
0.9611413583999999,-1.40397988e-05,-1.36571499e-05,0.0,1.8
0.9611414042,-1.4344891999999999e-05,-1.36571499e-05,0.0,1.8
0.9611414959,-1.48658905e-05,-1.36571499e-05,0.0,1.8
0.9611416791,-1.56509234e-05,-1.36571499e-05,0.0,1.8
0.9611419757999999,-1.6470518899999998e-05,-1.36571499e-05,0.0,1.8
0.9611423465000001,-1.70605798e-05,-1.36571499e-05,0.0,1.8
0.9611428254000001,-1.7480463799999998e-05,-1.36571499e-05,0.0,1.8
0.9611434624,-1.77485799e-05,-1.36571499e-05,0.0,1.8
0.9611443601,-1.79046826e-05,-1.36571499e-05,0.0,1.8
0.9611456125,-1.79669859e-05,-1.36571499e-05,0.0,1.8
0.9611474132,-1.79844348e-05,-1.36571499e-05,0.0,1.8
0.9611502985,-1.79869306e-05,-1.36571499e-05,0.0,1.8
0.9611550164,-1.79903184e-05,-1.36571499e-05,0.0,1.8
0.961164452,-1.79877162e-05,-1.36571499e-05,0.0,1.8
0.9611823943000001,-1.79905048e-05,-1.36571499e-05,0.0,1.8
0.9612154784000001,-1.79874184e-05,-1.36571499e-05,0.0,1.8
0.9612413027000001,-1.7990354e-05,-1.36571499e-05,0.0,1.8
0.9612413028,-1.79878043e-05,-1.36571499e-05,0.0,1.7819999
0.961241303,-1.79878052e-05,-1.36571499e-05,0.0,1.7459999
0.9612413034,-1.79878074e-05,-1.36571499e-05,0.0,1.6739999
0.9612413042,-1.7987810499999996e-05,-1.36571499e-05,0.0,1.5299999
0.9612413058,-1.79878049e-05,-1.36571499e-05,0.0,1.2419999
0.961241309,-1.79874719e-05,-1.36571499e-05,0.0,0.6659998993
0.9612413094,-1.79873336e-05,-1.36571499e-05,0.0,0.5827499119
0.9612413104,-1.7986469199999996e-05,-1.36571499e-05,0.0,0.4162499371
0.9612413114,-1.7984527799999997e-05,-1.36571499e-05,0.0,0.2204046359
0.9612413121,-1.7983215099999997e-05,-1.36571499e-05,0.0,0.11020232790000001
0.9612413124,-1.7982540400000002e-05,-1.36571499e-05,0.0,0.05510116390000001
0.9612413127,-1.79818596e-05,-1.36571499e-05,0.0,0.0
0.9612413127999999,-1.7981634899999998e-05,-1.36571499e-05,0.0,0.0
0.9612413129,-1.79813726e-05,-1.36571499e-05,0.0,0.0
0.9612413130999999,-1.7980982999999996e-05,-1.36571499e-05,0.0,0.0
0.9612413134,-1.79801964e-05,-1.36571499e-05,0.0,0.0
0.9612413141,-1.7978603499999997e-05,-1.36571499e-05,0.0,0.0
0.9612413155,-1.7975372e-05,-1.36571499e-05,0.0,0.0
0.9612413174,-1.79707158e-05,-1.36571499e-05,0.0,0.0
0.9612413201000001,-1.79643275e-05,-1.36571499e-05,0.0,0.0
0.9612413238,-1.7955542e-05,-1.36571499e-05,0.0,0.0
0.9612413291,-1.79427476e-05,-1.36571499e-05,0.0,0.0
0.9612413369,-1.79241087e-05,-1.36571499e-05,0.0,0.0
0.961241348,-1.7897462699999997e-05,-1.36571499e-05,0.0,0.0
0.9612413639,-1.7859535699999998e-05,-1.36571499e-05,0.0,0.0
0.9612413867,-1.78053333e-05,-1.36571499e-05,0.0,0.0
0.9612414196,-1.7727948199999998e-05,-1.36571499e-05,0.0,0.0
0.961241467,-1.76177655e-05,-1.36571499e-05,0.0,0.0
0.9612415353,-1.7461816299999998e-05,-1.36571499e-05,0.0,0.0
0.9612416338,-1.72429701e-05,-1.36571499e-05,0.0,0.0
0.9612417759999999,-1.69399402e-05,-1.36571499e-05,0.0,0.0
0.9612419814000001,-1.65296489e-05,-1.36571499e-05,0.0,0.0
0.9612422784000001,-1.5995369399999998e-05,-1.36571499e-05,0.0,0.0
0.9612427076000001,-1.5347084899999998e-05,-1.36571499e-05,0.0,0.0
0.9612433279000001,-1.4655937599999999e-05,-1.36571499e-05,0.0,0.0
0.9612442248999999,-1.4072920999999998e-05,-1.36571499e-05,0.0,0.0
0.9612455222,-1.3735776499999999e-05,-1.36571499e-05,0.0,0.0
0.9612472768,-1.3667247899999998e-05,-1.36571499e-05,0.0,0.0
0.9612492594000001,-1.36566601e-05,-1.36571499e-05,0.0,0.0
0.9612518184000001,-1.36572113e-05,-1.36571499e-05,0.0,0.0
0.9612562874,-1.36558506e-05,-1.36571499e-05,0.0,0.0
0.9612628052000001,-1.36587476e-05,-1.36571499e-05,0.0,0.0
0.9612723029,-1.3655295799999999e-05,-1.36571499e-05,0.0,0.0
0.9612859726,-1.3659108700000001e-05,-1.36571499e-05,0.0,0.0
0.9613056148,-1.36551273e-05,-1.36571499e-05,0.0,0.0
0.961334582,-1.3659201599999999e-05,-1.36571499e-05,0.0,0.0
0.9613778816,-1.3655072399999999e-05,-1.36571499e-05,0.0,0.0
0.9614463950000001,-1.3659234799999999e-05,-1.36571499e-05,0.0,0.0
0.9615834218,-1.36550513e-05,-1.36571499e-05,0.0,0.0
0.9618574753000001,-1.365924e-05,-1.36571499e-05,0.0,0.0
0.9623191229,-1.36550512e-05,-1.36571499e-05,0.0,0.0
0.9632424182,-1.36592414e-05,-1.36571499e-05,0.0,0.0
0.9650890087,-1.36550481e-05,-1.36571499e-05,0.0,0.0
0.9687687141,-1.3659242e-05,-1.36571499e-05,0.0,0.0
0.976128125,-1.36550478e-05,-1.36571499e-05,0.0,0.0
0.9880640625,-1.3659247199999998e-05,-1.36571499e-05,0.0,0.0
1.0,-1.36550504e-05,-1.36571499e-05,0.0,0.0
