time_s,voltage_v
0.000000000000e+00,0.000000000000e+00
5.987958727292e-05,1.800000000000e+00
6.087958727292e-05,0.000000000000e+00
6.101527935007e-05,1.800000000000e+00
6.201527935007e-05,0.000000000000e+00
2.548097298776e-04,1.800000000000e+00
2.558097298776e-04,0.000000000000e+00
2.942245926826e-04,1.800000000000e+00
2.952245926826e-04,0.000000000000e+00
3.452820931839e-04,1.800000000000e+00
3.462820931839e-04,0.000000000000e+00
3.691989223221e-04,1.800000000000e+00
3.701989223221e-04,0.000000000000e+00
4.619466519905e-04,1.800000000000e+00
4.629466519905e-04,0.000000000000e+00
4.815427322934e-04,1.800000000000e+00
4.825427322934e-04,0.000000000000e+00
4.962864986144e-04,1.800000000000e+00
4.972864986144e-04,0.000000000000e+00
5.593180074446e-04,1.800000000000e+00
5.603180074446e-04,0.000000000000e+00
6.510641831317e-04,1.800000000000e+00
6.520641831317e-04,0.000000000000e+00
6.723504636944e-04,1.800000000000e+00
6.733504636944e-04,0.000000000000e+00
7.618717309513e-04,1.800000000000e+00
7.628717309513e-04,0.000000000000e+00
8.105775181149e-04,1.800000000000e+00
8.115775181149e-04,0.000000000000e+00
1.162980779665e-03,1.800000000000e+00
1.163980779665e-03,0.000000000000e+00
1.173617866140e-03,1.800000000000e+00
1.174617866140e-03,0.000000000000e+00
1.600977316975e-03,1.800000000000e+00
1.601977316975e-03,0.000000000000e+00
1.660003028188e-03,1.800000000000e+00
1.661003028188e-03,0.000000000000e+00
1.737897367578e-03,1.800000000000e+00
1.738897367578e-03,0.000000000000e+00
1.755712959428e-03,1.800000000000e+00
1.756712959428e-03,0.000000000000e+00
1.896744479212e-03,1.800000000000e+00
1.897744479212e-03,0.000000000000e+00
1.920154001104e-03,1.800000000000e+00
1.921154001104e-03,0.000000000000e+00
1.966585392744e-03,1.800000000000e+00
1.967585392744e-03,0.000000000000e+00
1.969230088041e-03,1.800000000000e+00
1.970230088041e-03,0.000000000000e+00
2.015317317249e-03,1.800000000000e+00
2.016317317249e-03,0.000000000000e+00
2.395981273746e-03,1.800000000000e+00
2.396981273746e-03,0.000000000000e+00
2.824168071990e-03,1.800000000000e+00
2.825168071990e-03,0.000000000000e+00
2.975795899788e-03,1.800000000000e+00
2.976795899788e-03,0.000000000000e+00
3.289224153300e-03,1.800000000000e+00
3.290224153300e-03,0.000000000000e+00
3.516572826692e-03,1.800000000000e+00
3.517572826692e-03,0.000000000000e+00
3.680273951622e-03,1.800000000000e+00
3.681273951622e-03,0.000000000000e+00
3.702171554208e-03,1.800000000000e+00
3.703171554208e-03,0.000000000000e+00
3.713816521609e-03,1.800000000000e+00
3.714816521609e-03,0.000000000000e+00
3.773299249588e-03,1.800000000000e+00
3.774299249588e-03,0.000000000000e+00
4.014132471485e-03,1.800000000000e+00
4.015132471485e-03,0.000000000000e+00
4.110016231712e-03,1.800000000000e+00
4.111016231712e-03,0.000000000000e+00
4.258240006252e-03,1.800000000000e+00
4.259240006252e-03,0.000000000000e+00
4.287659406385e-03,1.800000000000e+00
4.288659406385e-03,0.000000000000e+00
4.370047446618e-03,1.800000000000e+00
4.371047446618e-03,0.000000000000e+00
4.507354208640e-03,1.800000000000e+00
4.508354208640e-03,0.000000000000e+00
4.700912084205e-03,1.800000000000e+00
4.701912084205e-03,0.000000000000e+00
4.883768811688e-03,1.800000000000e+00
4.884768811688e-03,0.000000000000e+00
4.913142902255e-03,1.800000000000e+00
4.914142902255e-03,0.000000000000e+00
5.142594581861e-03,1.800000000000e+00
5.143594581861e-03,0.000000000000e+00
5.169686983985e-03,1.800000000000e+00
5.170686983985e-03,0.000000000000e+00
5.349573592512e-03,1.800000000000e+00
5.350573592512e-03,0.000000000000e+00
5.439559447867e-03,1.800000000000e+00
5.440559447867e-03,0.000000000000e+00
5.462402122876e-03,1.800000000000e+00
5.463402122876e-03,0.000000000000e+00
5.561092150739e-03,1.800000000000e+00
5.562092150739e-03,0.000000000000e+00
5.642237477322e-03,1.800000000000e+00
5.643237477322e-03,0.000000000000e+00
5.996235842186e-03,1.800000000000e+00
5.997235842186e-03,0.000000000000e+00
6.000949913004e-03,1.800000000000e+00
6.001949913004e-03,0.000000000000e+00
6.020871256203e-03,1.800000000000e+00
6.021871256203e-03,0.000000000000e+00
6.475527558983e-03,1.800000000000e+00
6.476527558983e-03,0.000000000000e+00
6.673862181480e-03,1.800000000000e+00
6.674862181480e-03,0.000000000000e+00
6.691955462491e-03,1.800000000000e+00
6.692955462491e-03,0.000000000000e+00
6.720868067018e-03,1.800000000000e+00
6.721868067018e-03,0.000000000000e+00
6.806941092201e-03,1.800000000000e+00
6.807941092201e-03,0.000000000000e+00
6.825915045691e-03,1.800000000000e+00
6.826915045691e-03,0.000000000000e+00
6.869382635628e-03,1.800000000000e+00
6.870382635628e-03,0.000000000000e+00
6.875002296037e-03,1.800000000000e+00
6.876002296037e-03,0.000000000000e+00
7.013188398100e-03,1.800000000000e+00
7.014188398100e-03,0.000000000000e+00
7.022279575463e-03,1.800000000000e+00
7.023279575463e-03,0.000000000000e+00
7.602517777377e-03,1.800000000000e+00
7.603517777377e-03,0.000000000000e+00
7.883948567846e-03,1.800000000000e+00
7.884948567846e-03,0.000000000000e+00
8.056735950306e-03,1.800000000000e+00
8.057735950306e-03,0.000000000000e+00
8.221201667845e-03,1.800000000000e+00
8.222201667845e-03,0.000000000000e+00
8.272143226928e-03,1.800000000000e+00
8.273143226928e-03,0.000000000000e+00
8.398298696423e-03,1.800000000000e+00
8.399298696423e-03,0.000000000000e+00
8.557451476484e-03,1.800000000000e+00
8.558451476484e-03,0.000000000000e+00
8.630275963240e-03,1.800000000000e+00
8.631275963240e-03,0.000000000000e+00
8.637331420081e-03,1.800000000000e+00
8.638331420081e-03,0.000000000000e+00
8.746640026526e-03,1.800000000000e+00
8.747640026526e-03,0.000000000000e+00
8.790436735712e-03,1.800000000000e+00
8.791436735712e-03,0.000000000000e+00
8.895085286014e-03,1.800000000000e+00
8.896085286014e-03,0.000000000000e+00
8.955769350204e-03,1.800000000000e+00
8.956769350204e-03,0.000000000000e+00
9.294399777098e-03,1.800000000000e+00
9.295399777098e-03,0.000000000000e+00
9.319415200518e-03,1.800000000000e+00
9.320415200518e-03,0.000000000000e+00
9.482161419564e-03,1.800000000000e+00
9.483161419564e-03,0.000000000000e+00
9.615404802146e-03,1.800000000000e+00
9.616404802146e-03,0.000000000000e+00
9.705760306127e-03,1.800000000000e+00
9.706760306127e-03,0.000000000000e+00
9.715030518548e-03,1.800000000000e+00
9.716030518548e-03,0.000000000000e+00
9.735060043523e-03,1.800000000000e+00
9.736060043523e-03,0.000000000000e+00
1.011504106592e-02,1.800000000000e+00
1.011604106592e-02,0.000000000000e+00
1.014417435098e-02,1.800000000000e+00
1.014517435098e-02,0.000000000000e+00
1.016401659572e-02,1.800000000000e+00
1.016501659572e-02,0.000000000000e+00
1.020180467618e-02,1.800000000000e+00
1.020280467618e-02,0.000000000000e+00
1.028739229629e-02,1.800000000000e+00
1.028839229629e-02,0.000000000000e+00
1.036885495784e-02,1.800000000000e+00
1.036985495784e-02,0.000000000000e+00
1.044572588677e-02,1.800000000000e+00
1.044672588677e-02,0.000000000000e+00
1.046843573604e-02,1.800000000000e+00
1.046943573604e-02,0.000000000000e+00
1.057234916616e-02,1.800000000000e+00
1.057334916616e-02,0.000000000000e+00
1.075032499318e-02,1.800000000000e+00
1.075132499318e-02,0.000000000000e+00
1.076152340858e-02,1.800000000000e+00
1.076252340858e-02,0.000000000000e+00
1.083969399799e-02,1.800000000000e+00
1.084069399799e-02,0.000000000000e+00
1.089759494424e-02,1.800000000000e+00
1.089859494424e-02,0.000000000000e+00
1.107124034115e-02,1.800000000000e+00
1.107224034115e-02,0.000000000000e+00
1.141529592486e-02,1.800000000000e+00
1.141629592486e-02,0.000000000000e+00
1.147519424290e-02,1.800000000000e+00
1.147619424290e-02,0.000000000000e+00
1.150616600162e-02,1.800000000000e+00
1.150716600162e-02,0.000000000000e+00
1.174034620425e-02,1.800000000000e+00
1.174134620425e-02,0.000000000000e+00
1.174341893779e-02,1.800000000000e+00
1.174441893779e-02,0.000000000000e+00
1.178799372696e-02,1.800000000000e+00
1.178899372696e-02,0.000000000000e+00
1.184378875122e-02,1.800000000000e+00
1.184478875122e-02,0.000000000000e+00
1.186556600239e-02,1.800000000000e+00
1.186656600239e-02,0.000000000000e+00
1.199214720293e-02,1.800000000000e+00
1.199314720293e-02,0.000000000000e+00
1.207329872952e-02,1.800000000000e+00
1.207429872952e-02,0.000000000000e+00
1.210510656377e-02,1.800000000000e+00
1.210610656377e-02,0.000000000000e+00
1.216434630331e-02,1.800000000000e+00
1.216534630331e-02,0.000000000000e+00
1.229515482467e-02,1.800000000000e+00
1.229615482467e-02,0.000000000000e+00
1.233882030293e-02,1.800000000000e+00
1.233982030293e-02,0.000000000000e+00
1.234660997411e-02,1.800000000000e+00
1.234760997411e-02,0.000000000000e+00
1.241517865662e-02,1.800000000000e+00
1.241617865662e-02,0.000000000000e+00
1.243928900185e-02,1.800000000000e+00
1.244028900185e-02,0.000000000000e+00
1.254718278404e-02,1.800000000000e+00
1.254818278404e-02,0.000000000000e+00
1.257223923918e-02,1.800000000000e+00
1.257323923918e-02,0.000000000000e+00
1.258835652168e-02,1.800000000000e+00
1.258935652168e-02,0.000000000000e+00
1.283768424556e-02,1.800000000000e+00
1.283868424556e-02,0.000000000000e+00
1.288222953384e-02,1.800000000000e+00
1.288322953384e-02,0.000000000000e+00
1.292064535690e-02,1.800000000000e+00
1.292164535690e-02,0.000000000000e+00
1.300650658418e-02,1.800000000000e+00
1.300750658418e-02,0.000000000000e+00
1.313785687128e-02,1.800000000000e+00
1.313885687128e-02,0.000000000000e+00
1.326137784609e-02,1.800000000000e+00
1.326237784609e-02,0.000000000000e+00
1.343931559030e-02,1.800000000000e+00
1.344031559030e-02,0.000000000000e+00
1.347276212650e-02,1.800000000000e+00
1.347376212650e-02,0.000000000000e+00
1.353461247586e-02,1.800000000000e+00
1.353561247586e-02,0.000000000000e+00
1.358488961760e-02,1.800000000000e+00
1.358588961760e-02,0.000000000000e+00
1.366567749360e-02,1.800000000000e+00
1.366667749360e-02,0.000000000000e+00
1.376050244008e-02,1.800000000000e+00
1.376150244008e-02,0.000000000000e+00
1.387076138278e-02,1.800000000000e+00
1.387176138278e-02,0.000000000000e+00
1.387858061596e-02,1.800000000000e+00
1.387958061596e-02,0.000000000000e+00
1.393013279656e-02,1.800000000000e+00
1.393113279656e-02,0.000000000000e+00
1.406712552490e-02,1.800000000000e+00
1.406812552490e-02,0.000000000000e+00
1.407112179082e-02,1.800000000000e+00
1.407212179082e-02,0.000000000000e+00
1.422349501994e-02,1.800000000000e+00
1.422449501994e-02,0.000000000000e+00
1.435216706139e-02,1.800000000000e+00
1.435316706139e-02,0.000000000000e+00
1.440925769195e-02,1.800000000000e+00
1.441025769195e-02,0.000000000000e+00
1.447551673007e-02,1.800000000000e+00
1.447651673007e-02,0.000000000000e+00
1.450962652971e-02,1.800000000000e+00
1.451062652971e-02,0.000000000000e+00
1.465812010247e-02,1.800000000000e+00
1.465912010247e-02,0.000000000000e+00
1.473086526253e-02,1.800000000000e+00
1.473186526253e-02,0.000000000000e+00
1.476509425906e-02,1.800000000000e+00
1.476609425906e-02,0.000000000000e+00
1.476840449059e-02,1.800000000000e+00
1.476940449059e-02,0.000000000000e+00
1.481542995252e-02,1.800000000000e+00
1.481642995252e-02,0.000000000000e+00
1.509745289395e-02,1.800000000000e+00
1.509845289395e-02,0.000000000000e+00
1.522272612999e-02,1.800000000000e+00
1.522372612999e-02,0.000000000000e+00
1.533188581051e-02,1.800000000000e+00
1.533288581051e-02,0.000000000000e+00
1.563369665019e-02,1.800000000000e+00
1.563469665019e-02,0.000000000000e+00
1.563715032822e-02,1.800000000000e+00
1.563815032822e-02,0.000000000000e+00
1.573964485210e-02,1.800000000000e+00
1.574064485210e-02,0.000000000000e+00
1.576277755303e-02,1.800000000000e+00
1.576377755303e-02,0.000000000000e+00
1.581897151643e-02,1.800000000000e+00
1.581997151643e-02,0.000000000000e+00
1.584127059665e-02,1.800000000000e+00
1.584227059665e-02,0.000000000000e+00
1.588898670950e-02,1.800000000000e+00
1.588998670950e-02,0.000000000000e+00
1.614637172667e-02,1.800000000000e+00
1.614737172667e-02,0.000000000000e+00
1.628997302235e-02,1.800000000000e+00
1.629097302235e-02,0.000000000000e+00
1.649805062723e-02,1.800000000000e+00
1.649905062723e-02,0.000000000000e+00
1.650677113973e-02,1.800000000000e+00
1.650777113973e-02,0.000000000000e+00
1.654653563892e-02,1.800000000000e+00
1.654753563892e-02,0.000000000000e+00
1.671689350894e-02,1.800000000000e+00
1.671789350894e-02,0.000000000000e+00
1.672148152773e-02,1.800000000000e+00
1.672248152773e-02,0.000000000000e+00
1.674485691455e-02,1.800000000000e+00
1.674585691455e-02,0.000000000000e+00
1.675434601506e-02,1.800000000000e+00
1.675534601506e-02,0.000000000000e+00
1.694338082480e-02,1.800000000000e+00
1.694438082480e-02,0.000000000000e+00
1.697274594731e-02,1.800000000000e+00
1.697374594731e-02,0.000000000000e+00
1.703409642679e-02,1.800000000000e+00
1.703509642679e-02,0.000000000000e+00
1.703564676080e-02,1.800000000000e+00
1.703664676080e-02,0.000000000000e+00
1.704905365827e-02,1.800000000000e+00
1.705005365827e-02,0.000000000000e+00
1.712922465347e-02,1.800000000000e+00
1.713022465347e-02,0.000000000000e+00
1.730332554361e-02,1.800000000000e+00
1.730432554361e-02,0.000000000000e+00
1.734966692046e-02,1.800000000000e+00
1.735066692046e-02,0.000000000000e+00
1.739241190242e-02,1.800000000000e+00
1.739341190242e-02,0.000000000000e+00
1.739704171751e-02,1.800000000000e+00
1.739804171751e-02,0.000000000000e+00
1.740870104997e-02,1.800000000000e+00
1.740970104997e-02,0.000000000000e+00
1.742656474565e-02,1.800000000000e+00
1.742756474565e-02,0.000000000000e+00
1.745223103061e-02,1.800000000000e+00
1.745323103061e-02,0.000000000000e+00
1.754596642438e-02,1.800000000000e+00
1.754696642438e-02,0.000000000000e+00
1.759536193377e-02,1.800000000000e+00
1.759636193377e-02,0.000000000000e+00
1.801807128671e-02,1.800000000000e+00
1.801907128671e-02,0.000000000000e+00
1.805520780851e-02,1.800000000000e+00
1.805620780851e-02,0.000000000000e+00
1.827075058466e-02,1.800000000000e+00
1.827175058466e-02,0.000000000000e+00
1.828144639554e-02,1.800000000000e+00
1.828244639554e-02,0.000000000000e+00
1.836477297600e-02,1.800000000000e+00
1.836577297600e-02,0.000000000000e+00
1.845336633283e-02,1.800000000000e+00
1.845436633283e-02,0.000000000000e+00
1.857235391837e-02,1.800000000000e+00
1.857335391837e-02,0.000000000000e+00
1.863100544257e-02,1.800000000000e+00
1.863200544257e-02,0.000000000000e+00
1.871348484915e-02,1.800000000000e+00
1.871448484915e-02,0.000000000000e+00
1.888062191477e-02,1.800000000000e+00
1.888162191477e-02,0.000000000000e+00
1.889888916499e-02,1.800000000000e+00
1.889988916499e-02,0.000000000000e+00
1.898316406877e-02,1.800000000000e+00
1.898416406877e-02,0.000000000000e+00
1.908171179419e-02,1.800000000000e+00
1.908271179419e-02,0.000000000000e+00
1.925080864619e-02,1.800000000000e+00
1.925180864619e-02,0.000000000000e+00
1.927067323101e-02,1.800000000000e+00
1.927167323101e-02,0.000000000000e+00
1.933016618446e-02,1.800000000000e+00
1.933116618446e-02,0.000000000000e+00
1.933293020139e-02,1.800000000000e+00
1.933393020139e-02,0.000000000000e+00
1.945363639620e-02,1.800000000000e+00
1.945463639620e-02,0.000000000000e+00
1.967865605466e-02,1.800000000000e+00
1.967965605466e-02,0.000000000000e+00
1.972712546546e-02,1.800000000000e+00
1.972812546546e-02,0.000000000000e+00
1.991537715759e-02,1.800000000000e+00
1.991637715759e-02,0.000000000000e+00
2.003460248559e-02,1.800000000000e+00
2.003560248559e-02,0.000000000000e+00
2.003651197172e-02,1.800000000000e+00
2.003751197172e-02,0.000000000000e+00
2.010710432476e-02,1.800000000000e+00
2.010810432476e-02,0.000000000000e+00
2.011230633374e-02,1.800000000000e+00
2.011330633374e-02,0.000000000000e+00
2.015405569729e-02,1.800000000000e+00
2.015505569729e-02,0.000000000000e+00
2.033323774505e-02,1.800000000000e+00
2.033423774505e-02,0.000000000000e+00
2.034813301366e-02,1.800000000000e+00
2.034913301366e-02,0.000000000000e+00
2.044071735812e-02,1.800000000000e+00
2.044171735812e-02,0.000000000000e+00
2.044720523235e-02,1.800000000000e+00
2.044820523235e-02,0.000000000000e+00
2.046013165604e-02,1.800000000000e+00
2.046113165604e-02,0.000000000000e+00
2.079790753544e-02,1.800000000000e+00
2.079890753544e-02,0.000000000000e+00
2.080917160907e-02,1.800000000000e+00
2.081017160907e-02,0.000000000000e+00
2.083042701381e-02,1.800000000000e+00
2.083142701381e-02,0.000000000000e+00
2.114316743454e-02,1.800000000000e+00
2.114416743454e-02,0.000000000000e+00
2.118421184582e-02,1.800000000000e+00
2.118521184582e-02,0.000000000000e+00
2.121131985974e-02,1.800000000000e+00
2.121231985974e-02,0.000000000000e+00
2.122258987015e-02,1.800000000000e+00
2.122358987015e-02,0.000000000000e+00
2.129944198430e-02,1.800000000000e+00
2.130044198430e-02,0.000000000000e+00
2.130618604113e-02,1.800000000000e+00
2.130718604113e-02,0.000000000000e+00
2.133380046541e-02,1.800000000000e+00
2.133480046541e-02,0.000000000000e+00
2.136170946570e-02,1.800000000000e+00
2.136270946570e-02,0.000000000000e+00
2.151360555314e-02,1.800000000000e+00
2.151460555314e-02,0.000000000000e+00
2.153326030115e-02,1.800000000000e+00
2.153426030115e-02,0.000000000000e+00
2.163182321866e-02,1.800000000000e+00
2.163282321866e-02,0.000000000000e+00
2.166256374842e-02,1.800000000000e+00
2.166356374842e-02,0.000000000000e+00
2.222774394577e-02,1.800000000000e+00
2.222874394577e-02,0.000000000000e+00
2.274675728854e-02,1.800000000000e+00
2.274775728854e-02,0.000000000000e+00
2.303287936059e-02,1.800000000000e+00
2.303387936059e-02,0.000000000000e+00
2.328881501352e-02,1.800000000000e+00
2.328981501352e-02,0.000000000000e+00
2.337845395185e-02,1.800000000000e+00
2.337945395185e-02,0.000000000000e+00
2.367529378649e-02,1.800000000000e+00
2.367629378649e-02,0.000000000000e+00
2.378876738288e-02,1.800000000000e+00
2.378976738288e-02,0.000000000000e+00
2.380805942927e-02,1.800000000000e+00
2.380905942927e-02,0.000000000000e+00
2.395451164024e-02,1.800000000000e+00
2.395551164024e-02,0.000000000000e+00
2.416477548037e-02,1.800000000000e+00
2.416577548037e-02,0.000000000000e+00
2.416639291996e-02,1.800000000000e+00
2.416739291996e-02,0.000000000000e+00
2.419048320018e-02,1.800000000000e+00
2.419148320018e-02,0.000000000000e+00
2.436091292781e-02,1.800000000000e+00
2.436191292781e-02,0.000000000000e+00
2.452327209300e-02,1.800000000000e+00
2.452427209300e-02,0.000000000000e+00
2.461463888299e-02,1.800000000000e+00
2.461563888299e-02,0.000000000000e+00
2.462913463710e-02,1.800000000000e+00
2.463013463710e-02,0.000000000000e+00
2.466338234338e-02,1.800000000000e+00
2.466438234338e-02,0.000000000000e+00
2.469325066859e-02,1.800000000000e+00
2.469425066859e-02,0.000000000000e+00
2.513121182398e-02,1.800000000000e+00
2.513221182398e-02,0.000000000000e+00
2.515957975234e-02,1.800000000000e+00
2.516057975234e-02,0.000000000000e+00
2.521093857050e-02,1.800000000000e+00
2.521193857050e-02,0.000000000000e+00
2.534072390857e-02,1.800000000000e+00
2.534172390857e-02,0.000000000000e+00
2.546163123630e-02,1.800000000000e+00
2.546263123630e-02,0.000000000000e+00
2.555340633610e-02,1.800000000000e+00
2.555440633610e-02,0.000000000000e+00
2.567026825585e-02,1.800000000000e+00
2.567126825585e-02,0.000000000000e+00
2.589277125336e-02,1.800000000000e+00
2.589377125336e-02,0.000000000000e+00
2.616531466937e-02,1.800000000000e+00
2.616631466937e-02,0.000000000000e+00
2.617806914781e-02,1.800000000000e+00
2.617906914781e-02,0.000000000000e+00
2.618146820122e-02,1.800000000000e+00
2.618246820122e-02,0.000000000000e+00
2.645354119078e-02,1.800000000000e+00
2.645454119078e-02,0.000000000000e+00
2.672141878418e-02,1.800000000000e+00
2.672241878418e-02,0.000000000000e+00
2.677240028607e-02,1.800000000000e+00
2.677340028607e-02,0.000000000000e+00
2.682910261695e-02,1.800000000000e+00
2.683010261695e-02,0.000000000000e+00
2.695742446010e-02,1.800000000000e+00
2.695842446010e-02,0.000000000000e+00
2.701823918639e-02,1.800000000000e+00
2.701923918639e-02,0.000000000000e+00
2.703131578279e-02,1.800000000000e+00
2.703231578279e-02,0.000000000000e+00
2.706316515636e-02,1.800000000000e+00
2.706416515636e-02,0.000000000000e+00
2.710338772443e-02,1.800000000000e+00
2.710438772443e-02,0.000000000000e+00
2.719618361703e-02,1.800000000000e+00
2.719718361703e-02,0.000000000000e+00
2.721704914079e-02,1.800000000000e+00
2.721804914079e-02,0.000000000000e+00
2.736196959180e-02,1.800000000000e+00
2.736296959180e-02,0.000000000000e+00
2.775080838167e-02,1.800000000000e+00
2.775180838167e-02,0.000000000000e+00
2.780479507949e-02,1.800000000000e+00
2.780579507949e-02,0.000000000000e+00
2.789865089785e-02,1.800000000000e+00
2.789965089785e-02,0.000000000000e+00
2.801101515657e-02,1.800000000000e+00
2.801201515657e-02,0.000000000000e+00
2.818872580809e-02,1.800000000000e+00
2.818972580809e-02,0.000000000000e+00
2.829893236810e-02,1.800000000000e+00
2.829993236810e-02,0.000000000000e+00
2.837968191062e-02,1.800000000000e+00
2.838068191062e-02,0.000000000000e+00
2.852132208877e-02,1.800000000000e+00
2.852232208877e-02,0.000000000000e+00
2.852399339098e-02,1.800000000000e+00
2.852499339098e-02,0.000000000000e+00
2.883621189753e-02,1.800000000000e+00
2.883721189753e-02,0.000000000000e+00
2.909054573979e-02,1.800000000000e+00
2.909154573979e-02,0.000000000000e+00
2.922205402437e-02,1.800000000000e+00
2.922305402437e-02,0.000000000000e+00
2.924707285233e-02,1.800000000000e+00
2.924807285233e-02,0.000000000000e+00
2.935623304914e-02,1.800000000000e+00
2.935723304914e-02,0.000000000000e+00
2.935940271366e-02,1.800000000000e+00
2.936040271366e-02,0.000000000000e+00
2.941573590423e-02,1.800000000000e+00
2.941673590423e-02,0.000000000000e+00
2.944268505144e-02,1.800000000000e+00
2.944368505144e-02,0.000000000000e+00
2.953421806790e-02,1.800000000000e+00
2.953521806790e-02,0.000000000000e+00
2.956624606215e-02,1.800000000000e+00
2.956724606215e-02,0.000000000000e+00
2.957700386718e-02,1.800000000000e+00
2.957800386718e-02,0.000000000000e+00
2.975247273125e-02,1.800000000000e+00
2.975347273125e-02,0.000000000000e+00
2.978462594844e-02,1.800000000000e+00
2.978562594844e-02,0.000000000000e+00
2.987577287015e-02,1.800000000000e+00
2.987677287015e-02,0.000000000000e+00
2.987762697897e-02,1.800000000000e+00
2.987862697897e-02,0.000000000000e+00
2.996972486563e-02,1.800000000000e+00
2.997072486563e-02,0.000000000000e+00
3.014273383297e-02,1.800000000000e+00
3.014373383297e-02,0.000000000000e+00
3.031352088318e-02,1.800000000000e+00
3.031452088318e-02,0.000000000000e+00
3.035775160223e-02,1.800000000000e+00
3.035875160223e-02,0.000000000000e+00
3.037302152219e-02,1.800000000000e+00
3.037402152219e-02,0.000000000000e+00
3.047749564698e-02,1.800000000000e+00
3.047849564698e-02,0.000000000000e+00
3.051816396200e-02,1.800000000000e+00
3.051916396200e-02,0.000000000000e+00
3.055556565883e-02,1.800000000000e+00
3.055656565883e-02,0.000000000000e+00
3.058177311625e-02,1.800000000000e+00
3.058277311625e-02,0.000000000000e+00
3.063730164639e-02,1.800000000000e+00
3.063830164639e-02,0.000000000000e+00
3.076467392197e-02,1.800000000000e+00
3.076567392197e-02,0.000000000000e+00
3.082171851312e-02,1.800000000000e+00
3.082271851312e-02,0.000000000000e+00
3.093724325969e-02,1.800000000000e+00
3.093824325969e-02,0.000000000000e+00
3.108183297421e-02,1.800000000000e+00
3.108283297421e-02,0.000000000000e+00
3.126656003700e-02,1.800000000000e+00
3.126756003700e-02,0.000000000000e+00
3.136053908640e-02,1.800000000000e+00
3.136153908640e-02,0.000000000000e+00
3.187580131655e-02,1.800000000000e+00
3.187680131655e-02,0.000000000000e+00
3.195327941881e-02,1.800000000000e+00
3.195427941881e-02,0.000000000000e+00
3.203888216136e-02,1.800000000000e+00
3.203988216136e-02,0.000000000000e+00
3.215820373309e-02,1.800000000000e+00
3.215920373309e-02,0.000000000000e+00
3.255276247050e-02,1.800000000000e+00
3.255376247050e-02,0.000000000000e+00
3.268726067384e-02,1.800000000000e+00
3.268826067384e-02,0.000000000000e+00
3.296358438197e-02,1.800000000000e+00
3.296458438197e-02,0.000000000000e+00
3.298278023044e-02,1.800000000000e+00
3.298378023044e-02,0.000000000000e+00
3.304368891057e-02,1.800000000000e+00
3.304468891057e-02,0.000000000000e+00
3.317877274225e-02,1.800000000000e+00
3.317977274225e-02,0.000000000000e+00
3.332537748782e-02,1.800000000000e+00
3.332637748782e-02,0.000000000000e+00
3.352227393580e-02,1.800000000000e+00
3.352327393580e-02,0.000000000000e+00
3.355668875098e-02,1.800000000000e+00
3.355768875098e-02,0.000000000000e+00
3.359868013601e-02,1.800000000000e+00
3.359968013601e-02,0.000000000000e+00
3.365781999687e-02,1.800000000000e+00
3.365881999687e-02,0.000000000000e+00
3.371317382003e-02,1.800000000000e+00
3.371417382003e-02,0.000000000000e+00
3.372398274825e-02,1.800000000000e+00
3.372498274825e-02,0.000000000000e+00
3.377886096309e-02,1.800000000000e+00
3.377986096309e-02,0.000000000000e+00
3.389311737483e-02,1.800000000000e+00
3.389411737483e-02,0.000000000000e+00
3.404256608368e-02,1.800000000000e+00
3.404356608368e-02,0.000000000000e+00
3.407158867024e-02,1.800000000000e+00
3.407258867024e-02,0.000000000000e+00
3.417929630047e-02,1.800000000000e+00
3.418029630047e-02,0.000000000000e+00
3.433382089053e-02,1.800000000000e+00
3.433482089053e-02,0.000000000000e+00
3.435260280208e-02,1.800000000000e+00
3.435360280208e-02,0.000000000000e+00
3.435420571993e-02,1.800000000000e+00
3.435520571993e-02,0.000000000000e+00
3.437359484441e-02,1.800000000000e+00
3.437459484441e-02,0.000000000000e+00
3.449982785960e-02,1.800000000000e+00
3.450082785960e-02,0.000000000000e+00
3.477155389523e-02,1.800000000000e+00
3.477255389523e-02,0.000000000000e+00
3.482597815835e-02,1.800000000000e+00
3.482697815835e-02,0.000000000000e+00
3.486752964483e-02,1.800000000000e+00
3.486852964483e-02,0.000000000000e+00
3.497718334915e-02,1.800000000000e+00
3.497818334915e-02,0.000000000000e+00
3.501941349833e-02,1.800000000000e+00
3.502041349833e-02,0.000000000000e+00
3.502385793671e-02,1.800000000000e+00
3.502485793671e-02,0.000000000000e+00
3.505512607900e-02,1.800000000000e+00
3.505612607900e-02,0.000000000000e+00
3.515708677871e-02,1.800000000000e+00
3.515808677871e-02,0.000000000000e+00
3.522510026477e-02,1.800000000000e+00
3.522610026477e-02,0.000000000000e+00
3.527243620192e-02,1.800000000000e+00
3.527343620192e-02,0.000000000000e+00
3.532775281044e-02,1.800000000000e+00
3.532875281044e-02,0.000000000000e+00
3.534413929281e-02,1.800000000000e+00
3.534513929281e-02,0.000000000000e+00
3.550618938617e-02,1.800000000000e+00
3.550718938617e-02,0.000000000000e+00
3.555824015325e-02,1.800000000000e+00
3.555924015325e-02,0.000000000000e+00
3.568836236829e-02,1.800000000000e+00
3.568936236829e-02,0.000000000000e+00
3.578156775424e-02,1.800000000000e+00
3.578256775424e-02,0.000000000000e+00
3.603753473922e-02,1.800000000000e+00
3.603853473922e-02,0.000000000000e+00
3.621440385160e-02,1.800000000000e+00
3.621540385160e-02,0.000000000000e+00
3.623017011843e-02,1.800000000000e+00
3.623117011843e-02,0.000000000000e+00
3.629688448514e-02,1.800000000000e+00
3.629788448514e-02,0.000000000000e+00
3.629812994566e-02,1.800000000000e+00
3.629912994566e-02,0.000000000000e+00
3.645444850592e-02,1.800000000000e+00
3.645544850592e-02,0.000000000000e+00
3.648359844490e-02,1.800000000000e+00
3.648459844490e-02,0.000000000000e+00
3.690076792470e-02,1.800000000000e+00
3.690176792470e-02,0.000000000000e+00
3.692915060983e-02,1.800000000000e+00
3.693015060983e-02,0.000000000000e+00
3.700800709069e-02,1.800000000000e+00
3.700900709069e-02,0.000000000000e+00
3.708316969368e-02,1.800000000000e+00
3.708416969368e-02,0.000000000000e+00
3.727832298537e-02,1.800000000000e+00
3.727932298537e-02,0.000000000000e+00
3.737879990820e-02,1.800000000000e+00
3.737979990820e-02,0.000000000000e+00
3.761540636852e-02,1.800000000000e+00
3.761640636852e-02,0.000000000000e+00
3.765819896232e-02,1.800000000000e+00
3.765919896232e-02,0.000000000000e+00
3.766959552544e-02,1.800000000000e+00
3.767059552544e-02,0.000000000000e+00
3.769242255240e-02,1.800000000000e+00
3.769342255240e-02,0.000000000000e+00
3.769768802349e-02,1.800000000000e+00
3.769868802349e-02,0.000000000000e+00
3.783422582916e-02,1.800000000000e+00
3.783522582916e-02,0.000000000000e+00
3.796295379546e-02,1.800000000000e+00
3.796395379546e-02,0.000000000000e+00
3.811907785621e-02,1.800000000000e+00
3.812007785621e-02,0.000000000000e+00
3.828775812548e-02,1.800000000000e+00
3.828875812548e-02,0.000000000000e+00
3.830261510394e-02,1.800000000000e+00
3.830361510394e-02,0.000000000000e+00
3.830998201561e-02,1.800000000000e+00
3.831098201561e-02,0.000000000000e+00
3.842954931648e-02,1.800000000000e+00
3.843054931648e-02,0.000000000000e+00
3.847535152198e-02,1.800000000000e+00
3.847635152198e-02,0.000000000000e+00
3.857378631916e-02,1.800000000000e+00
3.857478631916e-02,0.000000000000e+00
3.869120715571e-02,1.800000000000e+00
3.869220715571e-02,0.000000000000e+00
3.879743657331e-02,1.800000000000e+00
3.879843657331e-02,0.000000000000e+00
3.912895300425e-02,1.800000000000e+00
3.912995300425e-02,0.000000000000e+00
3.953716101054e-02,1.800000000000e+00
3.953816101054e-02,0.000000000000e+00
3.957847689451e-02,1.800000000000e+00
3.957947689451e-02,0.000000000000e+00
3.962051300312e-02,1.800000000000e+00
3.962151300312e-02,0.000000000000e+00
3.962291931363e-02,1.800000000000e+00
3.962391931363e-02,0.000000000000e+00
3.963725710587e-02,1.800000000000e+00
3.963825710587e-02,0.000000000000e+00
3.970131973679e-02,1.800000000000e+00
3.970231973679e-02,0.000000000000e+00
3.981536751836e-02,1.800000000000e+00
3.981636751836e-02,0.000000000000e+00
3.984523078970e-02,1.800000000000e+00
3.984623078970e-02,0.000000000000e+00
3.985686762195e-02,1.800000000000e+00
3.985786762195e-02,0.000000000000e+00
3.998520138117e-02,1.800000000000e+00
3.998620138117e-02,0.000000000000e+00
4.010913578655e-02,1.800000000000e+00
4.011013578655e-02,0.000000000000e+00
4.018623758977e-02,1.800000000000e+00
4.018723758977e-02,0.000000000000e+00
4.020311854152e-02,1.800000000000e+00
4.020411854152e-02,0.000000000000e+00
4.022748407780e-02,1.800000000000e+00
4.022848407780e-02,0.000000000000e+00
4.026216314147e-02,1.800000000000e+00
4.026316314147e-02,0.000000000000e+00
4.047504445076e-02,1.800000000000e+00
4.047604445076e-02,0.000000000000e+00
4.076456952671e-02,1.800000000000e+00
4.076556952671e-02,0.000000000000e+00
4.076993735931e-02,1.800000000000e+00
4.077093735931e-02,0.000000000000e+00
4.107669507304e-02,1.800000000000e+00
4.107769507304e-02,0.000000000000e+00
4.134761228914e-02,1.800000000000e+00
4.134861228914e-02,0.000000000000e+00
4.152254426997e-02,1.800000000000e+00
4.152354426997e-02,0.000000000000e+00
4.155205889893e-02,1.800000000000e+00
4.155305889893e-02,0.000000000000e+00
4.193105359193e-02,1.800000000000e+00
4.193205359193e-02,0.000000000000e+00
4.211480049121e-02,1.800000000000e+00
4.211580049121e-02,0.000000000000e+00
4.213147727672e-02,1.800000000000e+00
4.213247727672e-02,0.000000000000e+00
4.213552618759e-02,1.800000000000e+00
4.213652618759e-02,0.000000000000e+00
4.218828285986e-02,1.800000000000e+00
4.218928285986e-02,0.000000000000e+00
4.228455461015e-02,1.800000000000e+00
4.228555461015e-02,0.000000000000e+00
4.228732800199e-02,1.800000000000e+00
4.228832800199e-02,0.000000000000e+00
4.263096188221e-02,1.800000000000e+00
4.263196188221e-02,0.000000000000e+00
4.275509340692e-02,1.800000000000e+00
4.275609340692e-02,0.000000000000e+00
4.283588000275e-02,1.800000000000e+00
4.283688000275e-02,0.000000000000e+00
4.291111827298e-02,1.800000000000e+00
4.291211827298e-02,0.000000000000e+00
4.292341283312e-02,1.800000000000e+00
4.292441283312e-02,0.000000000000e+00
4.307646277019e-02,1.800000000000e+00
4.307746277019e-02,0.000000000000e+00
4.322679456115e-02,1.800000000000e+00
4.322779456115e-02,0.000000000000e+00
4.322931491608e-02,1.800000000000e+00
4.323031491608e-02,0.000000000000e+00
4.341208777658e-02,1.800000000000e+00
4.341308777658e-02,0.000000000000e+00
4.346069485456e-02,1.800000000000e+00
4.346169485456e-02,0.000000000000e+00
4.376125132992e-02,1.800000000000e+00
4.376225132992e-02,0.000000000000e+00
4.380776831190e-02,1.800000000000e+00
4.380876831190e-02,0.000000000000e+00
4.383422176474e-02,1.800000000000e+00
4.383522176474e-02,0.000000000000e+00
4.385843684183e-02,1.800000000000e+00
4.385943684183e-02,0.000000000000e+00
4.390319040799e-02,1.800000000000e+00
4.390419040799e-02,0.000000000000e+00
4.391134160904e-02,1.800000000000e+00
4.391234160904e-02,0.000000000000e+00
4.393104558863e-02,1.800000000000e+00
4.393204558863e-02,0.000000000000e+00
4.400211726879e-02,1.800000000000e+00
4.400311726879e-02,0.000000000000e+00
4.409138376563e-02,1.800000000000e+00
4.409238376563e-02,0.000000000000e+00
4.418198213469e-02,1.800000000000e+00
4.418298213469e-02,0.000000000000e+00
4.419771186529e-02,1.800000000000e+00
4.419871186529e-02,0.000000000000e+00
4.420048043986e-02,1.800000000000e+00
4.420148043986e-02,0.000000000000e+00
4.421811053513e-02,1.800000000000e+00
4.421911053513e-02,0.000000000000e+00
4.447337292704e-02,1.800000000000e+00
4.447437292704e-02,0.000000000000e+00
4.448965938222e-02,1.800000000000e+00
4.449065938222e-02,0.000000000000e+00
4.461754212349e-02,1.800000000000e+00
4.461854212349e-02,0.000000000000e+00
4.470763106917e-02,1.800000000000e+00
4.470863106917e-02,0.000000000000e+00
4.480946130708e-02,1.800000000000e+00
4.481046130708e-02,0.000000000000e+00
4.511647170572e-02,1.800000000000e+00
4.511747170572e-02,0.000000000000e+00
4.514927872177e-02,1.800000000000e+00
4.515027872177e-02,0.000000000000e+00
4.528400153932e-02,1.800000000000e+00
4.528500153932e-02,0.000000000000e+00
4.536498552973e-02,1.800000000000e+00
4.536598552973e-02,0.000000000000e+00
4.541606533558e-02,1.800000000000e+00
4.541706533558e-02,0.000000000000e+00
4.547302686290e-02,1.800000000000e+00
4.547402686290e-02,0.000000000000e+00
4.549814904808e-02,1.800000000000e+00
4.549914904808e-02,0.000000000000e+00
4.550995886056e-02,1.800000000000e+00
4.551095886056e-02,0.000000000000e+00
4.579249124450e-02,1.800000000000e+00
4.579349124450e-02,0.000000000000e+00
4.590610679687e-02,1.800000000000e+00
4.590710679687e-02,0.000000000000e+00
4.592679000020e-02,1.800000000000e+00
4.592779000020e-02,0.000000000000e+00
4.610735956129e-02,1.800000000000e+00
4.610835956129e-02,0.000000000000e+00
4.613005183663e-02,1.800000000000e+00
4.613105183663e-02,0.000000000000e+00
4.625066135520e-02,1.800000000000e+00
4.625166135520e-02,0.000000000000e+00
4.634882238691e-02,1.800000000000e+00
4.634982238691e-02,0.000000000000e+00
4.652587220810e-02,1.800000000000e+00
4.652687220810e-02,0.000000000000e+00
4.658492342801e-02,1.800000000000e+00
4.658592342801e-02,0.000000000000e+00
4.693000408709e-02,1.800000000000e+00
4.693100408709e-02,0.000000000000e+00
4.707108314898e-02,1.800000000000e+00
4.707208314898e-02,0.000000000000e+00
4.713734511934e-02,1.800000000000e+00
4.713834511934e-02,0.000000000000e+00
4.715168375909e-02,1.800000000000e+00
4.715268375909e-02,0.000000000000e+00
4.718485530529e-02,1.800000000000e+00
4.718585530529e-02,0.000000000000e+00
4.720062919434e-02,1.800000000000e+00
4.720162919434e-02,0.000000000000e+00
4.728245074428e-02,1.800000000000e+00
4.728345074428e-02,0.000000000000e+00
4.746457815155e-02,1.800000000000e+00
4.746557815155e-02,0.000000000000e+00
4.761518811237e-02,1.800000000000e+00
4.761618811237e-02,0.000000000000e+00
4.772780573071e-02,1.800000000000e+00
4.772880573071e-02,0.000000000000e+00
4.778965132523e-02,1.800000000000e+00
4.779065132523e-02,0.000000000000e+00
4.782591503253e-02,1.800000000000e+00
4.782691503253e-02,0.000000000000e+00
4.800691772463e-02,1.800000000000e+00
4.800791772463e-02,0.000000000000e+00
4.813051125663e-02,1.800000000000e+00
4.813151125663e-02,0.000000000000e+00
4.825156345801e-02,1.800000000000e+00
4.825256345801e-02,0.000000000000e+00
4.834233387212e-02,1.800000000000e+00
4.834333387212e-02,0.000000000000e+00
4.851608530717e-02,1.800000000000e+00
4.851708530717e-02,0.000000000000e+00
4.861484797327e-02,1.800000000000e+00
4.861584797327e-02,0.000000000000e+00
4.864880618491e-02,1.800000000000e+00
4.864980618491e-02,0.000000000000e+00
4.870076961867e-02,1.800000000000e+00
4.870176961867e-02,0.000000000000e+00
4.874195683578e-02,1.800000000000e+00
4.874295683578e-02,0.000000000000e+00
4.878027301528e-02,1.800000000000e+00
4.878127301528e-02,0.000000000000e+00
4.903437485824e-02,1.800000000000e+00
4.903537485824e-02,0.000000000000e+00
4.917251492460e-02,1.800000000000e+00
4.917351492460e-02,0.000000000000e+00
4.927817616473e-02,1.800000000000e+00
4.927917616473e-02,0.000000000000e+00
4.934478560934e-02,1.800000000000e+00
4.934578560934e-02,0.000000000000e+00
4.941860119665e-02,1.800000000000e+00
4.941960119665e-02,0.000000000000e+00
4.943094441994e-02,1.800000000000e+00
4.943194441994e-02,0.000000000000e+00
4.950244520827e-02,1.800000000000e+00
4.950344520827e-02,0.000000000000e+00
4.960092179274e-02,1.800000000000e+00
4.960192179274e-02,0.000000000000e+00
4.964883268971e-02,1.800000000000e+00
4.964983268971e-02,0.000000000000e+00
4.972746803560e-02,1.800000000000e+00
4.972846803560e-02,0.000000000000e+00
5.053313463389e-02,1.800000000000e+00
5.053413463389e-02,0.000000000000e+00
5.080443902562e-02,1.800000000000e+00
5.080543902562e-02,0.000000000000e+00
5.081334474908e-02,1.800000000000e+00
5.081434474908e-02,0.000000000000e+00
5.113769962001e-02,1.800000000000e+00
5.113869962001e-02,0.000000000000e+00
5.131350138034e-02,1.800000000000e+00
5.131450138034e-02,0.000000000000e+00
5.149938044943e-02,1.800000000000e+00
5.150038044943e-02,0.000000000000e+00
5.168079441652e-02,1.800000000000e+00
5.168179441652e-02,0.000000000000e+00
5.170679644925e-02,1.800000000000e+00
5.170779644925e-02,0.000000000000e+00
5.172252813864e-02,1.800000000000e+00
5.172352813864e-02,0.000000000000e+00
5.183664201010e-02,1.800000000000e+00
5.183764201010e-02,0.000000000000e+00
5.203214807123e-02,1.800000000000e+00
5.203314807123e-02,0.000000000000e+00
5.204409946857e-02,1.800000000000e+00
5.204509946857e-02,0.000000000000e+00
5.204570900108e-02,1.800000000000e+00
5.204670900108e-02,0.000000000000e+00
5.237204984851e-02,1.800000000000e+00
5.237304984851e-02,0.000000000000e+00
5.263962482037e-02,1.800000000000e+00
5.264062482037e-02,0.000000000000e+00
5.267329726701e-02,1.800000000000e+00
5.267429726701e-02,0.000000000000e+00
5.286956180177e-02,1.800000000000e+00
5.287056180177e-02,0.000000000000e+00
5.290896783847e-02,1.800000000000e+00
5.290996783847e-02,0.000000000000e+00
5.311364864615e-02,1.800000000000e+00
5.311464864615e-02,0.000000000000e+00
5.311509945835e-02,1.800000000000e+00
5.311609945835e-02,0.000000000000e+00
5.321926498574e-02,1.800000000000e+00
5.322026498574e-02,0.000000000000e+00
5.324755128872e-02,1.800000000000e+00
5.324855128872e-02,0.000000000000e+00
5.335979837049e-02,1.800000000000e+00
5.336079837049e-02,0.000000000000e+00
5.336261878611e-02,1.800000000000e+00
5.336361878611e-02,0.000000000000e+00
5.347838847423e-02,1.800000000000e+00
5.347938847423e-02,0.000000000000e+00
5.349006918630e-02,1.800000000000e+00
5.349106918630e-02,0.000000000000e+00
5.355521402747e-02,1.800000000000e+00
5.355621402747e-02,0.000000000000e+00
5.356327410609e-02,1.800000000000e+00
5.356427410609e-02,0.000000000000e+00
5.361703594056e-02,1.800000000000e+00
5.361803594056e-02,0.000000000000e+00
5.363587961239e-02,1.800000000000e+00
5.363687961239e-02,0.000000000000e+00
5.368004126289e-02,1.800000000000e+00
5.368104126289e-02,0.000000000000e+00
5.375049123086e-02,1.800000000000e+00
5.375149123086e-02,0.000000000000e+00
5.387006978223e-02,1.800000000000e+00
5.387106978223e-02,0.000000000000e+00
5.398163287360e-02,1.800000000000e+00
5.398263287360e-02,0.000000000000e+00
5.406400696237e-02,1.800000000000e+00
5.406500696237e-02,0.000000000000e+00
5.427685344356e-02,1.800000000000e+00
5.427785344356e-02,0.000000000000e+00
5.433563359773e-02,1.800000000000e+00
5.433663359773e-02,0.000000000000e+00
5.435292915269e-02,1.800000000000e+00
5.435392915269e-02,0.000000000000e+00
5.448138210743e-02,1.800000000000e+00
5.448238210743e-02,0.000000000000e+00
5.453047984564e-02,1.800000000000e+00
5.453147984564e-02,0.000000000000e+00
5.483379470054e-02,1.800000000000e+00
5.483479470054e-02,0.000000000000e+00
5.488875094276e-02,1.800000000000e+00
5.488975094276e-02,0.000000000000e+00
5.489030040818e-02,1.800000000000e+00
5.489130040818e-02,0.000000000000e+00
5.493711968760e-02,1.800000000000e+00
5.493811968760e-02,0.000000000000e+00
5.529379816313e-02,1.800000000000e+00
5.529479816313e-02,0.000000000000e+00
5.536602728995e-02,1.800000000000e+00
5.536702728995e-02,0.000000000000e+00
5.555833433281e-02,1.800000000000e+00
5.555933433281e-02,0.000000000000e+00
5.560931189594e-02,1.800000000000e+00
5.561031189594e-02,0.000000000000e+00
5.571348486190e-02,1.800000000000e+00
5.571448486190e-02,0.000000000000e+00
5.572225772829e-02,1.800000000000e+00
5.572325772829e-02,0.000000000000e+00
5.574739624202e-02,1.800000000000e+00
5.574839624202e-02,0.000000000000e+00
5.575960204166e-02,1.800000000000e+00
5.576060204166e-02,0.000000000000e+00
5.581682641274e-02,1.800000000000e+00
5.581782641274e-02,0.000000000000e+00
5.586024012952e-02,1.800000000000e+00
5.586124012952e-02,0.000000000000e+00
5.595090747012e-02,1.800000000000e+00
5.595190747012e-02,0.000000000000e+00
5.606716413992e-02,1.800000000000e+00
5.606816413992e-02,0.000000000000e+00
5.609764691031e-02,1.800000000000e+00
5.609864691031e-02,0.000000000000e+00
5.613233473031e-02,1.800000000000e+00
5.613333473031e-02,0.000000000000e+00
5.613510036213e-02,1.800000000000e+00
5.613610036213e-02,0.000000000000e+00
5.614951457781e-02,1.800000000000e+00
5.615051457781e-02,0.000000000000e+00
5.620288931637e-02,1.800000000000e+00
5.620388931637e-02,0.000000000000e+00
5.645788283739e-02,1.800000000000e+00
5.645888283739e-02,0.000000000000e+00
5.648105964012e-02,1.800000000000e+00
5.648205964012e-02,0.000000000000e+00
5.653927241703e-02,1.800000000000e+00
5.654027241703e-02,0.000000000000e+00
5.654070637026e-02,1.800000000000e+00
5.654170637026e-02,0.000000000000e+00
5.663944282554e-02,1.800000000000e+00
5.664044282554e-02,0.000000000000e+00
5.670012298849e-02,1.800000000000e+00
5.670112298849e-02,0.000000000000e+00
5.674481956919e-02,1.800000000000e+00
5.674581956919e-02,0.000000000000e+00
5.679971165969e-02,1.800000000000e+00
5.680071165969e-02,0.000000000000e+00
5.683509567055e-02,1.800000000000e+00
5.683609567055e-02,0.000000000000e+00
5.689336095356e-02,1.800000000000e+00
5.689436095356e-02,0.000000000000e+00
5.691605984613e-02,1.800000000000e+00
5.691705984613e-02,0.000000000000e+00
5.705458491521e-02,1.800000000000e+00
5.705558491521e-02,0.000000000000e+00
5.735515075777e-02,1.800000000000e+00
5.735615075777e-02,0.000000000000e+00
5.761882399653e-02,1.800000000000e+00
5.761982399653e-02,0.000000000000e+00
5.766953243795e-02,1.800000000000e+00
5.767053243795e-02,0.000000000000e+00
5.767083195776e-02,1.800000000000e+00
5.767183195776e-02,0.000000000000e+00
5.783360443015e-02,1.800000000000e+00
5.783460443015e-02,0.000000000000e+00
5.790238810949e-02,1.800000000000e+00
5.790338810949e-02,0.000000000000e+00
5.798994272580e-02,1.800000000000e+00
5.799094272580e-02,0.000000000000e+00
5.810844469961e-02,1.800000000000e+00
5.810944469961e-02,0.000000000000e+00
5.829391259741e-02,1.800000000000e+00
5.829491259741e-02,0.000000000000e+00
5.837498963388e-02,1.800000000000e+00
5.837598963388e-02,0.000000000000e+00
5.843831274610e-02,1.800000000000e+00
5.843931274610e-02,0.000000000000e+00
5.845397240804e-02,1.800000000000e+00
5.845497240804e-02,0.000000000000e+00
5.845872350591e-02,1.800000000000e+00
5.845972350591e-02,0.000000000000e+00
5.847881399005e-02,1.800000000000e+00
5.847981399005e-02,0.000000000000e+00
5.849748323764e-02,1.800000000000e+00
5.849848323764e-02,0.000000000000e+00
5.881157778316e-02,1.800000000000e+00
5.881257778316e-02,0.000000000000e+00
5.890454175014e-02,1.800000000000e+00
5.890554175014e-02,0.000000000000e+00
5.890763258422e-02,1.800000000000e+00
5.890863258422e-02,0.000000000000e+00
5.895019408834e-02,1.800000000000e+00
5.895119408834e-02,0.000000000000e+00
5.900919412961e-02,1.800000000000e+00
5.901019412961e-02,0.000000000000e+00
5.920904154863e-02,1.800000000000e+00
5.921004154863e-02,0.000000000000e+00
5.926828588927e-02,1.800000000000e+00
5.926928588927e-02,0.000000000000e+00
5.935622617461e-02,1.800000000000e+00
5.935722617461e-02,0.000000000000e+00
5.939029205582e-02,1.800000000000e+00
5.939129205582e-02,0.000000000000e+00
5.943365816846e-02,1.800000000000e+00
5.943465816846e-02,0.000000000000e+00
5.944289226463e-02,1.800000000000e+00
5.944389226463e-02,0.000000000000e+00
5.961262045815e-02,1.800000000000e+00
5.961362045815e-02,0.000000000000e+00
5.968721347905e-02,1.800000000000e+00
5.968821347905e-02,0.000000000000e+00
5.983326989129e-02,1.800000000000e+00
5.983426989129e-02,0.000000000000e+00
5.992760549813e-02,1.800000000000e+00
5.992860549813e-02,0.000000000000e+00
5.993796181836e-02,1.800000000000e+00
5.993896181836e-02,0.000000000000e+00
5.997275393887e-02,1.800000000000e+00
5.997375393887e-02,0.000000000000e+00
6.001563269265e-02,1.800000000000e+00
6.001663269265e-02,0.000000000000e+00
6.018547337425e-02,1.800000000000e+00
6.018647337425e-02,0.000000000000e+00
6.023273887955e-02,1.800000000000e+00
6.023373887955e-02,0.000000000000e+00
6.060727658464e-02,1.800000000000e+00
6.060827658464e-02,0.000000000000e+00
6.078427671227e-02,1.800000000000e+00
6.078527671227e-02,0.000000000000e+00
6.091467946655e-02,1.800000000000e+00
6.091567946655e-02,0.000000000000e+00
6.099894796531e-02,1.800000000000e+00
6.099994796531e-02,0.000000000000e+00
6.112993505593e-02,1.800000000000e+00
6.113093505593e-02,0.000000000000e+00
6.117588866514e-02,1.800000000000e+00
6.117688866514e-02,0.000000000000e+00
6.118787084493e-02,1.800000000000e+00
6.118887084493e-02,0.000000000000e+00
6.140495585619e-02,1.800000000000e+00
6.140595585619e-02,0.000000000000e+00
6.147332711741e-02,1.800000000000e+00
6.147432711741e-02,0.000000000000e+00
6.182622753535e-02,1.800000000000e+00
6.182722753535e-02,0.000000000000e+00
6.197252620293e-02,1.800000000000e+00
6.197352620293e-02,0.000000000000e+00
6.206743756606e-02,1.800000000000e+00
6.206843756606e-02,0.000000000000e+00
6.212932680532e-02,1.800000000000e+00
6.213032680532e-02,0.000000000000e+00
6.225807930266e-02,1.800000000000e+00
6.225907930266e-02,0.000000000000e+00
6.228892042728e-02,1.800000000000e+00
6.228992042728e-02,0.000000000000e+00
6.233733249535e-02,1.800000000000e+00
6.233833249535e-02,0.000000000000e+00
6.238012487199e-02,1.800000000000e+00
6.238112487199e-02,0.000000000000e+00
6.256977323958e-02,1.800000000000e+00
6.257077323958e-02,0.000000000000e+00
6.290225811423e-02,1.800000000000e+00
6.290325811423e-02,0.000000000000e+00
6.291361715638e-02,1.800000000000e+00
6.291461715638e-02,0.000000000000e+00
6.291637385131e-02,1.800000000000e+00
6.291737385131e-02,0.000000000000e+00
6.296469981379e-02,1.800000000000e+00
6.296569981379e-02,0.000000000000e+00
6.309221869515e-02,1.800000000000e+00
6.309321869515e-02,0.000000000000e+00
6.315619719889e-02,1.800000000000e+00
6.315719719889e-02,0.000000000000e+00
6.331478978169e-02,1.800000000000e+00
6.331578978169e-02,0.000000000000e+00
6.369778371530e-02,1.800000000000e+00
6.369878371530e-02,0.000000000000e+00
6.381972470793e-02,1.800000000000e+00
6.382072470793e-02,0.000000000000e+00
6.394159845900e-02,1.800000000000e+00
6.394259845900e-02,0.000000000000e+00
6.395876568231e-02,1.800000000000e+00
6.395976568231e-02,0.000000000000e+00
6.405649565367e-02,1.800000000000e+00
6.405749565367e-02,0.000000000000e+00
6.416625061528e-02,1.800000000000e+00
6.416725061528e-02,0.000000000000e+00
6.419038132294e-02,1.800000000000e+00
6.419138132294e-02,0.000000000000e+00
6.419329691467e-02,1.800000000000e+00
6.419429691467e-02,0.000000000000e+00
6.431928138874e-02,1.800000000000e+00
6.432028138874e-02,0.000000000000e+00
6.487493594677e-02,1.800000000000e+00
6.487593594677e-02,0.000000000000e+00
6.499053169038e-02,1.800000000000e+00
6.499153169038e-02,0.000000000000e+00
6.501543328788e-02,1.800000000000e+00
6.501643328788e-02,0.000000000000e+00
6.524247484423e-02,1.800000000000e+00
6.524347484423e-02,0.000000000000e+00
6.528493421065e-02,1.800000000000e+00
6.528593421065e-02,0.000000000000e+00
6.533132398799e-02,1.800000000000e+00
6.533232398799e-02,0.000000000000e+00
6.551788726075e-02,1.800000000000e+00
6.551888726075e-02,0.000000000000e+00
6.569349333589e-02,1.800000000000e+00
6.569449333589e-02,0.000000000000e+00
6.599080063033e-02,1.800000000000e+00
6.599180063033e-02,0.000000000000e+00
6.623085972776e-02,1.800000000000e+00
6.623185972776e-02,0.000000000000e+00
6.625998193538e-02,1.800000000000e+00
6.626098193538e-02,0.000000000000e+00
6.635712992799e-02,1.800000000000e+00
6.635812992799e-02,0.000000000000e+00
6.638642721324e-02,1.800000000000e+00
6.638742721324e-02,0.000000000000e+00
6.659802153064e-02,1.800000000000e+00
6.659902153064e-02,0.000000000000e+00
6.674614186685e-02,1.800000000000e+00
6.674714186685e-02,0.000000000000e+00
6.690289057656e-02,1.800000000000e+00
6.690389057656e-02,0.000000000000e+00
6.722299811165e-02,1.800000000000e+00
6.722399811165e-02,0.000000000000e+00
6.735965229034e-02,1.800000000000e+00
6.736065229034e-02,0.000000000000e+00
6.772724527107e-02,1.800000000000e+00
6.772824527107e-02,0.000000000000e+00
6.779705565523e-02,1.800000000000e+00
6.779805565523e-02,0.000000000000e+00
6.781327811601e-02,1.800000000000e+00
6.781427811601e-02,0.000000000000e+00
6.789404640409e-02,1.800000000000e+00
6.789504640409e-02,0.000000000000e+00
6.822411846129e-02,1.800000000000e+00
6.822511846129e-02,0.000000000000e+00
6.832995154578e-02,1.800000000000e+00
6.833095154578e-02,0.000000000000e+00
6.837315594057e-02,1.800000000000e+00
6.837415594057e-02,0.000000000000e+00
6.838467872255e-02,1.800000000000e+00
6.838567872255e-02,0.000000000000e+00
6.840068395436e-02,1.800000000000e+00
6.840168395436e-02,0.000000000000e+00
6.841521815046e-02,1.800000000000e+00
6.841621815046e-02,0.000000000000e+00
6.855302226233e-02,1.800000000000e+00
6.855402226233e-02,0.000000000000e+00
6.859725878887e-02,1.800000000000e+00
6.859825878887e-02,0.000000000000e+00
6.866061813793e-02,1.800000000000e+00
6.866161813793e-02,0.000000000000e+00
6.907279912197e-02,1.800000000000e+00
6.907379912197e-02,0.000000000000e+00
6.911765054584e-02,1.800000000000e+00
6.911865054584e-02,0.000000000000e+00
6.923541548393e-02,1.800000000000e+00
6.923641548393e-02,0.000000000000e+00
6.928311920916e-02,1.800000000000e+00
6.928411920916e-02,0.000000000000e+00
6.933724587563e-02,1.800000000000e+00
6.933824587563e-02,0.000000000000e+00
6.939902202319e-02,1.800000000000e+00
6.940002202319e-02,0.000000000000e+00
6.946435639228e-02,1.800000000000e+00
6.946535639228e-02,0.000000000000e+00
6.947816783723e-02,1.800000000000e+00
6.947916783723e-02,0.000000000000e+00
6.959223410232e-02,1.800000000000e+00
6.959323410232e-02,0.000000000000e+00
6.968250726503e-02,1.800000000000e+00
6.968350726503e-02,0.000000000000e+00
6.969566123441e-02,1.800000000000e+00
6.969666123441e-02,0.000000000000e+00
7.010309300010e-02,1.800000000000e+00
7.010409300010e-02,0.000000000000e+00
7.058567941942e-02,1.800000000000e+00
7.058667941942e-02,0.000000000000e+00
7.062139916357e-02,1.800000000000e+00
7.062239916357e-02,0.000000000000e+00
7.066767524853e-02,1.800000000000e+00
7.066867524853e-02,0.000000000000e+00
7.083623782363e-02,1.800000000000e+00
7.083723782363e-02,0.000000000000e+00
7.091463812729e-02,1.800000000000e+00
7.091563812729e-02,0.000000000000e+00
7.100752618452e-02,1.800000000000e+00
7.100852618452e-02,0.000000000000e+00
7.116815768036e-02,1.800000000000e+00
7.116915768036e-02,0.000000000000e+00
7.132293136063e-02,1.800000000000e+00
7.132393136063e-02,0.000000000000e+00
7.135719700515e-02,1.800000000000e+00
7.135819700515e-02,0.000000000000e+00
7.143138973510e-02,1.800000000000e+00
7.143238973510e-02,0.000000000000e+00
7.161618015846e-02,1.800000000000e+00
7.161718015846e-02,0.000000000000e+00
7.185442780656e-02,1.800000000000e+00
7.185542780656e-02,0.000000000000e+00
7.207784863177e-02,1.800000000000e+00
7.207884863177e-02,0.000000000000e+00
7.225649905812e-02,1.800000000000e+00
7.225749905812e-02,0.000000000000e+00
7.237578816320e-02,1.800000000000e+00
7.237678816320e-02,0.000000000000e+00
7.237872784956e-02,1.800000000000e+00
7.237972784956e-02,0.000000000000e+00
7.242931347805e-02,1.800000000000e+00
7.243031347805e-02,0.000000000000e+00
7.256649651688e-02,1.800000000000e+00
7.256749651688e-02,0.000000000000e+00
7.259742130838e-02,1.800000000000e+00
7.259842130838e-02,0.000000000000e+00
7.260464792017e-02,1.800000000000e+00
7.260564792017e-02,0.000000000000e+00
7.270479728184e-02,1.800000000000e+00
7.270579728184e-02,0.000000000000e+00
7.286729490234e-02,1.800000000000e+00
7.286829490234e-02,0.000000000000e+00
7.348478255244e-02,1.800000000000e+00
7.348578255244e-02,0.000000000000e+00
7.362953050070e-02,1.800000000000e+00
7.363053050070e-02,0.000000000000e+00
7.369569423681e-02,1.800000000000e+00
7.369669423681e-02,0.000000000000e+00
7.369931268133e-02,1.800000000000e+00
7.370031268133e-02,0.000000000000e+00
7.382588469497e-02,1.800000000000e+00
7.382688469497e-02,0.000000000000e+00
7.407359569382e-02,1.800000000000e+00
7.407459569382e-02,0.000000000000e+00
7.415468713196e-02,1.800000000000e+00
7.415568713196e-02,0.000000000000e+00
7.424658107920e-02,1.800000000000e+00
7.424758107920e-02,0.000000000000e+00
7.425732933403e-02,1.800000000000e+00
7.425832933403e-02,0.000000000000e+00
7.430031024066e-02,1.800000000000e+00
7.430131024066e-02,0.000000000000e+00
7.439994638911e-02,1.800000000000e+00
7.440094638911e-02,0.000000000000e+00
7.458040143848e-02,1.800000000000e+00
7.458140143848e-02,0.000000000000e+00
7.462399969950e-02,1.800000000000e+00
7.462499969950e-02,0.000000000000e+00
7.482203654643e-02,1.800000000000e+00
7.482303654643e-02,0.000000000000e+00
7.492061626188e-02,1.800000000000e+00
7.492161626188e-02,0.000000000000e+00
7.501056791991e-02,1.800000000000e+00
7.501156791991e-02,0.000000000000e+00
7.503549234890e-02,1.800000000000e+00
7.503649234890e-02,0.000000000000e+00
7.516746743380e-02,1.800000000000e+00
7.516846743380e-02,0.000000000000e+00
7.518383605229e-02,1.800000000000e+00
7.518483605229e-02,0.000000000000e+00
7.524444707991e-02,1.800000000000e+00
7.524544707991e-02,0.000000000000e+00
7.548623134709e-02,1.800000000000e+00
7.548723134709e-02,0.000000000000e+00
7.571115760072e-02,1.800000000000e+00
7.571215760072e-02,0.000000000000e+00
7.603243694657e-02,1.800000000000e+00
7.603343694657e-02,0.000000000000e+00
7.605635151036e-02,1.800000000000e+00
7.605735151036e-02,0.000000000000e+00
7.631729253028e-02,1.800000000000e+00
7.631829253028e-02,0.000000000000e+00
7.638757074727e-02,1.800000000000e+00
7.638857074727e-02,0.000000000000e+00
7.640753335459e-02,1.800000000000e+00
7.640853335459e-02,0.000000000000e+00
7.665943139043e-02,1.800000000000e+00
7.666043139043e-02,0.000000000000e+00
7.699283293420e-02,1.800000000000e+00
7.699383293420e-02,0.000000000000e+00
7.739503643050e-02,1.800000000000e+00
7.739603643050e-02,0.000000000000e+00
7.744435671366e-02,1.800000000000e+00
7.744535671366e-02,0.000000000000e+00
7.747266596288e-02,1.800000000000e+00
7.747366596288e-02,0.000000000000e+00
7.776000330607e-02,1.800000000000e+00
7.776100330607e-02,0.000000000000e+00
7.789861806070e-02,1.800000000000e+00
7.789961806070e-02,0.000000000000e+00
7.818716724616e-02,1.800000000000e+00
7.818816724616e-02,0.000000000000e+00
7.833240876233e-02,1.800000000000e+00
7.833340876233e-02,0.000000000000e+00
7.879636501740e-02,1.800000000000e+00
7.879736501740e-02,0.000000000000e+00
7.894185413007e-02,1.800000000000e+00
7.894285413007e-02,0.000000000000e+00
7.913231564528e-02,1.800000000000e+00
7.913331564528e-02,0.000000000000e+00
7.941699361448e-02,1.800000000000e+00
7.941799361448e-02,0.000000000000e+00
7.947940055149e-02,1.800000000000e+00
7.948040055149e-02,0.000000000000e+00
7.975982182488e-02,1.800000000000e+00
7.976082182488e-02,0.000000000000e+00
7.981914874027e-02,1.800000000000e+00
7.982014874027e-02,0.000000000000e+00
8.017963793616e-02,1.800000000000e+00
8.018063793616e-02,0.000000000000e+00
8.026644527495e-02,1.800000000000e+00
8.026744527495e-02,0.000000000000e+00
8.038022902471e-02,1.800000000000e+00
8.038122902471e-02,0.000000000000e+00
8.038131936490e-02,1.800000000000e+00
8.038231936490e-02,0.000000000000e+00
8.042738888599e-02,1.800000000000e+00
8.042838888599e-02,0.000000000000e+00
8.046311806390e-02,1.800000000000e+00
8.046411806390e-02,0.000000000000e+00
8.046445918862e-02,1.800000000000e+00
8.046545918862e-02,0.000000000000e+00
8.050617848275e-02,1.800000000000e+00
8.050717848275e-02,0.000000000000e+00
8.053921441861e-02,1.800000000000e+00
8.054021441861e-02,0.000000000000e+00
8.055200933430e-02,1.800000000000e+00
8.055300933430e-02,0.000000000000e+00
8.058480743989e-02,1.800000000000e+00
8.058580743989e-02,0.000000000000e+00
8.080355916965e-02,1.800000000000e+00
8.080455916965e-02,0.000000000000e+00
8.083053021769e-02,1.800000000000e+00
8.083153021769e-02,0.000000000000e+00
8.096425920460e-02,1.800000000000e+00
8.096525920460e-02,0.000000000000e+00
8.149942165354e-02,1.800000000000e+00
8.150042165354e-02,0.000000000000e+00
8.150043517132e-02,1.800000000000e+00
8.150143517132e-02,0.000000000000e+00
8.163839379428e-02,1.800000000000e+00
8.163939379428e-02,0.000000000000e+00
8.165443258409e-02,1.800000000000e+00
8.165543258409e-02,0.000000000000e+00
8.167713710153e-02,1.800000000000e+00
8.167813710153e-02,0.000000000000e+00
8.171803517092e-02,1.800000000000e+00
8.171903517092e-02,0.000000000000e+00
8.199582763901e-02,1.800000000000e+00
8.199682763901e-02,0.000000000000e+00
8.222799313919e-02,1.800000000000e+00
8.222899313919e-02,0.000000000000e+00
8.223868699160e-02,1.800000000000e+00
8.223968699160e-02,0.000000000000e+00
8.241215711413e-02,1.800000000000e+00
8.241315711413e-02,0.000000000000e+00
8.242197611375e-02,1.800000000000e+00
8.242297611375e-02,0.000000000000e+00
8.247133759591e-02,1.800000000000e+00
8.247233759591e-02,0.000000000000e+00
8.341625489829e-02,1.800000000000e+00
8.341725489829e-02,0.000000000000e+00
8.365149418078e-02,1.800000000000e+00
8.365249418078e-02,0.000000000000e+00
8.366441065331e-02,1.800000000000e+00
8.366541065331e-02,0.000000000000e+00
8.375743135855e-02,1.800000000000e+00
8.375843135855e-02,0.000000000000e+00
8.381806622255e-02,1.800000000000e+00
8.381906622255e-02,0.000000000000e+00
8.394298324725e-02,1.800000000000e+00
8.394398324725e-02,0.000000000000e+00
8.416038452823e-02,1.800000000000e+00
8.416138452823e-02,0.000000000000e+00
8.425101536593e-02,1.800000000000e+00
8.425201536593e-02,0.000000000000e+00
8.454992675162e-02,1.800000000000e+00
8.455092675162e-02,0.000000000000e+00
8.480183524886e-02,1.800000000000e+00
8.480283524886e-02,0.000000000000e+00
8.482166841856e-02,1.800000000000e+00
8.482266841856e-02,0.000000000000e+00
8.482818451572e-02,1.800000000000e+00
8.482918451572e-02,0.000000000000e+00
8.485269893812e-02,1.800000000000e+00
8.485369893812e-02,0.000000000000e+00
8.493148736834e-02,1.800000000000e+00
8.493248736834e-02,0.000000000000e+00
8.506341614913e-02,1.800000000000e+00
8.506441614913e-02,0.000000000000e+00
8.527746192727e-02,1.800000000000e+00
8.527846192727e-02,0.000000000000e+00
8.542338822157e-02,1.800000000000e+00
8.542438822157e-02,0.000000000000e+00
8.554142092759e-02,1.800000000000e+00
8.554242092759e-02,0.000000000000e+00
8.564350269780e-02,1.800000000000e+00
8.564450269780e-02,0.000000000000e+00
8.576146043866e-02,1.800000000000e+00
8.576246043866e-02,0.000000000000e+00
8.581823927149e-02,1.800000000000e+00
8.581923927149e-02,0.000000000000e+00
8.593902560768e-02,1.800000000000e+00
8.594002560768e-02,0.000000000000e+00
8.614007884007e-02,1.800000000000e+00
8.614107884007e-02,0.000000000000e+00
8.635576171784e-02,1.800000000000e+00
8.635676171784e-02,0.000000000000e+00
8.649665032757e-02,1.800000000000e+00
8.649765032757e-02,0.000000000000e+00
8.662174200579e-02,1.800000000000e+00
8.662274200579e-02,0.000000000000e+00
8.663008514160e-02,1.800000000000e+00
8.663108514160e-02,0.000000000000e+00
8.667424554713e-02,1.800000000000e+00
8.667524554713e-02,0.000000000000e+00
8.674181116434e-02,1.800000000000e+00
8.674281116434e-02,0.000000000000e+00
8.678256739825e-02,1.800000000000e+00
8.678356739825e-02,0.000000000000e+00
8.680711953146e-02,1.800000000000e+00
8.680811953146e-02,0.000000000000e+00
8.685928406388e-02,1.800000000000e+00
8.686028406388e-02,0.000000000000e+00
8.705846507255e-02,1.800000000000e+00
8.705946507255e-02,0.000000000000e+00
8.709300972923e-02,1.800000000000e+00
8.709400972923e-02,0.000000000000e+00
8.739763473283e-02,1.800000000000e+00
8.739863473283e-02,0.000000000000e+00
8.745924084264e-02,1.800000000000e+00
8.746024084264e-02,0.000000000000e+00
8.760119887821e-02,1.800000000000e+00
8.760219887821e-02,0.000000000000e+00
8.775740132213e-02,1.800000000000e+00
8.775840132213e-02,0.000000000000e+00
8.775873518994e-02,1.800000000000e+00
8.775973518994e-02,0.000000000000e+00
8.777232868877e-02,1.800000000000e+00
8.777332868877e-02,0.000000000000e+00
8.778048707588e-02,1.800000000000e+00
8.778148707588e-02,0.000000000000e+00
8.787301688328e-02,1.800000000000e+00
8.787401688328e-02,0.000000000000e+00
8.788407303336e-02,1.800000000000e+00
8.788507303336e-02,0.000000000000e+00
8.794016174090e-02,1.800000000000e+00
8.794116174090e-02,0.000000000000e+00
8.797700653446e-02,1.800000000000e+00
8.797800653446e-02,0.000000000000e+00
8.798901956690e-02,1.800000000000e+00
8.799001956690e-02,0.000000000000e+00
8.804118794120e-02,1.800000000000e+00
8.804218794120e-02,0.000000000000e+00
8.810472526215e-02,1.800000000000e+00
8.810572526215e-02,0.000000000000e+00
8.820068277863e-02,1.800000000000e+00
8.820168277863e-02,0.000000000000e+00
8.824774216225e-02,1.800000000000e+00
8.824874216225e-02,0.000000000000e+00
8.825567401375e-02,1.800000000000e+00
8.825667401375e-02,0.000000000000e+00
8.830000012609e-02,1.800000000000e+00
8.830100012609e-02,0.000000000000e+00
8.843161052199e-02,1.800000000000e+00
8.843261052199e-02,0.000000000000e+00
8.851398568808e-02,1.800000000000e+00
8.851498568808e-02,0.000000000000e+00
8.851617633807e-02,1.800000000000e+00
8.851717633807e-02,0.000000000000e+00
8.873802898905e-02,1.800000000000e+00
8.873902898905e-02,0.000000000000e+00
8.876236006378e-02,1.800000000000e+00
8.876336006378e-02,0.000000000000e+00
8.884710986673e-02,1.800000000000e+00
8.884810986673e-02,0.000000000000e+00
8.885775605348e-02,1.800000000000e+00
8.885875605348e-02,0.000000000000e+00
8.894581428931e-02,1.800000000000e+00
8.894681428931e-02,0.000000000000e+00
8.912073006583e-02,1.800000000000e+00
8.912173006583e-02,0.000000000000e+00
8.939408640830e-02,1.800000000000e+00
8.939508640830e-02,0.000000000000e+00
8.956733967042e-02,1.800000000000e+00
8.956833967042e-02,0.000000000000e+00
8.981638292978e-02,1.800000000000e+00
8.981738292978e-02,0.000000000000e+00
8.999934025445e-02,1.800000000000e+00
9.000034025445e-02,0.000000000000e+00
9.000492393823e-02,1.800000000000e+00
9.000592393823e-02,0.000000000000e+00
9.023209248618e-02,1.800000000000e+00
9.023309248618e-02,0.000000000000e+00
9.085498830446e-02,1.800000000000e+00
9.085598830446e-02,0.000000000000e+00
9.099549914847e-02,1.800000000000e+00
9.099649914847e-02,0.000000000000e+00
9.109908160940e-02,1.800000000000e+00
9.110008160940e-02,0.000000000000e+00
9.124589693678e-02,1.800000000000e+00
9.124689693678e-02,0.000000000000e+00
9.125598152217e-02,1.800000000000e+00
9.125698152217e-02,0.000000000000e+00
9.147719523732e-02,1.800000000000e+00
9.147819523732e-02,0.000000000000e+00
9.148735855048e-02,1.800000000000e+00
9.148835855048e-02,0.000000000000e+00
9.151766759076e-02,1.800000000000e+00
9.151866759076e-02,0.000000000000e+00
9.155264647155e-02,1.800000000000e+00
9.155364647155e-02,0.000000000000e+00
9.168191520638e-02,1.800000000000e+00
9.168291520638e-02,0.000000000000e+00
9.173749453404e-02,1.800000000000e+00
9.173849453404e-02,0.000000000000e+00
9.179167074717e-02,1.800000000000e+00
9.179267074717e-02,0.000000000000e+00
9.186912912566e-02,1.800000000000e+00
9.187012912566e-02,0.000000000000e+00
9.202463961865e-02,1.800000000000e+00
9.202563961865e-02,0.000000000000e+00
9.222814028893e-02,1.800000000000e+00
9.222914028893e-02,0.000000000000e+00
9.243536439914e-02,1.800000000000e+00
9.243636439914e-02,0.000000000000e+00
9.247236887937e-02,1.800000000000e+00
9.247336887937e-02,0.000000000000e+00
9.247835039331e-02,1.800000000000e+00
9.247935039331e-02,0.000000000000e+00
9.248935844623e-02,1.800000000000e+00
9.249035844623e-02,0.000000000000e+00
9.250292667582e-02,1.800000000000e+00
9.250392667582e-02,0.000000000000e+00
9.265505668908e-02,1.800000000000e+00
9.265605668908e-02,0.000000000000e+00
9.266483602671e-02,1.800000000000e+00
9.266583602671e-02,0.000000000000e+00
9.282179017434e-02,1.800000000000e+00
9.282279017434e-02,0.000000000000e+00
9.295101708043e-02,1.800000000000e+00
9.295201708043e-02,0.000000000000e+00
9.298258471497e-02,1.800000000000e+00
9.298358471497e-02,0.000000000000e+00
9.309763858962e-02,1.800000000000e+00
9.309863858962e-02,0.000000000000e+00
9.325634084395e-02,1.800000000000e+00
9.325734084395e-02,0.000000000000e+00
9.337444380090e-02,1.800000000000e+00
9.337544380090e-02,0.000000000000e+00
9.338298564242e-02,1.800000000000e+00
9.338398564242e-02,0.000000000000e+00
9.338531396631e-02,1.800000000000e+00
9.338631396631e-02,0.000000000000e+00
9.343891028949e-02,1.800000000000e+00
9.343991028949e-02,0.000000000000e+00
9.370282590420e-02,1.800000000000e+00
9.370382590420e-02,0.000000000000e+00
9.377221736506e-02,1.800000000000e+00
9.377321736506e-02,0.000000000000e+00
9.380609288921e-02,1.800000000000e+00
9.380709288921e-02,0.000000000000e+00
9.387677203614e-02,1.800000000000e+00
9.387777203614e-02,0.000000000000e+00
9.406758719718e-02,1.800000000000e+00
9.406858719718e-02,0.000000000000e+00
9.409336979265e-02,1.800000000000e+00
9.409436979265e-02,0.000000000000e+00
9.410800420537e-02,1.800000000000e+00
9.410900420537e-02,0.000000000000e+00
9.438653018339e-02,1.800000000000e+00
9.438753018339e-02,0.000000000000e+00
9.444784070730e-02,1.800000000000e+00
9.444884070730e-02,0.000000000000e+00
9.451302078266e-02,1.800000000000e+00
9.451402078266e-02,0.000000000000e+00
9.455439692497e-02,1.800000000000e+00
9.455539692497e-02,0.000000000000e+00
9.458554432529e-02,1.800000000000e+00
9.458654432529e-02,0.000000000000e+00
9.480555764709e-02,1.800000000000e+00
9.480655764709e-02,0.000000000000e+00
9.498577826121e-02,1.800000000000e+00
9.498677826121e-02,0.000000000000e+00
9.501834551060e-02,1.800000000000e+00
9.501934551060e-02,0.000000000000e+00
9.516177928056e-02,1.800000000000e+00
9.516277928056e-02,0.000000000000e+00
9.544109203233e-02,1.800000000000e+00
9.544209203233e-02,0.000000000000e+00
9.550118443846e-02,1.800000000000e+00
9.550218443846e-02,0.000000000000e+00
9.594138875279e-02,1.800000000000e+00
9.594238875279e-02,0.000000000000e+00
9.595196632281e-02,1.800000000000e+00
9.595296632281e-02,0.000000000000e+00
9.615402165934e-02,1.800000000000e+00
9.615502165934e-02,0.000000000000e+00
9.636541042143e-02,1.800000000000e+00
9.636641042143e-02,0.000000000000e+00
9.639770915625e-02,1.800000000000e+00
9.639870915625e-02,0.000000000000e+00
9.643372185397e-02,1.800000000000e+00
9.643472185397e-02,0.000000000000e+00
9.646898955846e-02,1.800000000000e+00
9.646998955846e-02,0.000000000000e+00
9.648530891308e-02,1.800000000000e+00
9.648630891308e-02,0.000000000000e+00
9.667048219883e-02,1.800000000000e+00
9.667148219883e-02,0.000000000000e+00
9.680365731077e-02,1.800000000000e+00
9.680465731077e-02,0.000000000000e+00
9.697601829387e-02,1.800000000000e+00
9.697701829387e-02,0.000000000000e+00
9.709018910225e-02,1.800000000000e+00
9.709118910225e-02,0.000000000000e+00
9.712385586369e-02,1.800000000000e+00
9.712485586369e-02,0.000000000000e+00
9.713398673211e-02,1.800000000000e+00
9.713498673211e-02,0.000000000000e+00
9.716721286540e-02,1.800000000000e+00
9.716821286540e-02,0.000000000000e+00
9.733972951817e-02,1.800000000000e+00
9.734072951817e-02,0.000000000000e+00
9.734193354354e-02,1.800000000000e+00
9.734293354354e-02,0.000000000000e+00
9.742664108204e-02,1.800000000000e+00
9.742764108204e-02,0.000000000000e+00
9.746972510262e-02,1.800000000000e+00
9.747072510262e-02,0.000000000000e+00
9.750754674831e-02,1.800000000000e+00
9.750854674831e-02,0.000000000000e+00
9.755283616255e-02,1.800000000000e+00
9.755383616255e-02,0.000000000000e+00
9.765234677484e-02,1.800000000000e+00
9.765334677484e-02,0.000000000000e+00
9.767290759772e-02,1.800000000000e+00
9.767390759772e-02,0.000000000000e+00
9.769215423993e-02,1.800000000000e+00
9.769315423993e-02,0.000000000000e+00
9.790262586774e-02,1.800000000000e+00
9.790362586774e-02,0.000000000000e+00
9.805866910323e-02,1.800000000000e+00
9.805966910323e-02,0.000000000000e+00
9.810821436538e-02,1.800000000000e+00
9.810921436538e-02,0.000000000000e+00
9.813999892010e-02,1.800000000000e+00
9.814099892010e-02,0.000000000000e+00
9.823760122445e-02,1.800000000000e+00
9.823860122445e-02,0.000000000000e+00
9.853708773402e-02,1.800000000000e+00
9.853808773402e-02,0.000000000000e+00
9.870950218319e-02,1.800000000000e+00
9.871050218319e-02,0.000000000000e+00
9.877454299086e-02,1.800000000000e+00
9.877554299086e-02,0.000000000000e+00
9.888639627268e-02,1.800000000000e+00
9.888739627268e-02,0.000000000000e+00
9.893585295569e-02,1.800000000000e+00
9.893685295569e-02,0.000000000000e+00
9.907312821141e-02,1.800000000000e+00
9.907412821141e-02,0.000000000000e+00
9.915419867117e-02,1.800000000000e+00
9.915519867117e-02,0.000000000000e+00
9.915726113050e-02,1.800000000000e+00
9.915826113050e-02,0.000000000000e+00
9.928178158656e-02,1.800000000000e+00
9.928278158656e-02,0.000000000000e+00
9.950983085633e-02,1.800000000000e+00
9.951083085633e-02,0.000000000000e+00
9.958350235700e-02,1.800000000000e+00
9.958450235700e-02,0.000000000000e+00
9.960288085348e-02,1.800000000000e+00
9.960388085348e-02,0.000000000000e+00
9.964304772866e-02,1.800000000000e+00
9.964404772866e-02,0.000000000000e+00
9.966678939069e-02,1.800000000000e+00
9.966778939069e-02,0.000000000000e+00
9.987037505945e-02,1.800000000000e+00
9.987137505945e-02,0.000000000000e+00
1.000000000000e-01,0.000000000000e+00
