frequency_st_y_hz,1,17,33,49,65,81,97,113,129,145,161,177,193,209,225,241,257,273,289,305,321,337,353,369,385,401,417,433,449,465,481,497,513,529,545,561,577,593
1,0.0,0.0,0.0,0.0,0.0,0.0,0.0,0.0,0.0,0.0,0.0,0.0,0.0,0.0,0.0,0.0,0.0,0.0,0.0,0.0,0.0,0.0,0.0,0.0,0.0,0.0,0.0,0.0,0.0,0.0,0.0,0.0,0.0,0.0,0.0,0.0,0.0,0.0
17,0.0,0.0,0.0,0.0,0.0,1.5968243699815422e-07,0.0,0.0,6.360710517001183e-07,0.0,0.0,5.56533612000032e-07,0.0,4.2099615000124046e-07,0.0,4.1415007499934217e-07,0.0,5.4286487999877244e-08,1.1961978570011745e-06,0.0,2.305393512302481e-06,0.0,7.322808870005582e-07,1.367066610014067e-07,7.040716380038448e-07,1.3153183829980874e-06,6.199009757999751e-07,0.0,0.0,1.139408598602714e-06,0.0,0.0,6.140156849965273e-07,7.274180609986858e-07,1.3282078769977225e-06,1.2519830160008515e-06,5.255871029996584e-07,0.0
33,0.0,0.0,0.0,0.0,3.419391996001275e-07,0.0,0.0,0.0,7.307396072998157e-07,8.675916389998262e-07,8.808430949985847e-07,4.3230078000083824e-07,0.0,1.0344895469974192e-06,7.598353229984478e-07,0.0,8.008062839996548e-08,5.739551100017448e-07,1.5352221960021616e-06,4.85909630999204e-07,1.509340558497746e-06,0.0,6.405617339998864e-07,8.366903010001426e-07,6.927986456998354e-07,1.8842947110031538e-06,6.41929221001647e-07,0.0,2.2088366576993733e-06,1.9414845990009534e-06,1.0336512419995004e-06,1.6007152050019628e-06,2.822892479996258e-06,1.7243642880032664e-06,3.867017859000982e-06,5.86429064998173e-07,1.7659732806034334e-06,1.8608872004995114e-06
49,0.0,0.0,0.0,0.0,0.0,0.0,0.0,0.0,0.0,1.6548787709980141e-06,1.2906197100037708e-07,1.7460410400016446e-07,0.0,1.2820036770017083e-06,2.1336629967008e-06,3.118119119979723e-07,8.483101802110854e-07,3.2639971275035156e-06,2.3032907099908297e-07,8.699962869000015e-07,8.547090209999609e-07,1.066791887999463e-06,3.3490778400036e-07,1.0590723090034283e-06,4.969820772003017e-06,3.2520097079938306e-06,2.343124407599359e-06,1.3099459581000088e-06,2.9913759899985463e-06,1.5796589607022446e-06,1.941326999998355e-06,4.019667559196847e-06,2.0574446147993143e-06,3.836887077605915e-06,2.1136462793996253e-06,2.6324640261000256e-06,3.196071167393295e-06,2.939262508798169e-06
65,0.0,0.0,4.969625904000658e-07,0.0,5.974989659990326e-07,0.0,0.0,1.2236519249989031e-06,1.2038943077984783e-06,3.2348179799988887e-07,2.664682235099768e-06,7.880486849988489e-07,1.0933560720007008e-06,2.0778740036986322e-06,6.67400490000636e-07,1.721231782197269e-06,3.86217450000087e-07,1.2540320189968757e-06,1.730452669197e-06,1.7561705940022377e-06,1.912993658999343e-06,1.9321212212985477e-06,3.0980261862016694e-06,2.17081243800335e-06,3.0416424209980114e-06,4.52112359849894e-06,2.337414786901873e-06,1.4868089370004278e-06,1.0240597349983616e-06,2.998824596997865e-06,2.575985985003027e-06,8.826233580006004e-07,2.0270241629979924e-06,3.3253142399945758e-06,3.5581451399976234e-06,3.653359070395455e-06,1.2561402870182868e-07,2.4119522280018066e-06
81,0.0,0.0,5.570654580022706e-07,4.2256105199922623e-07,1.5938251199831832e-07,1.1280876749980572e-06,1.9378805399872243e-07,2.0251658861980548e-06,8.686245509982593e-07,0.0,8.95601105999344e-07,1.3979600999303178e-08,5.264770230010984e-07,1.5797337686995412e-06,9.020155680034004e-07,8.500716504005607e-07,4.580027190054237e-07,1.7204876747965725e-06,3.553085906097681e-06,2.6873202599989563e-06,2.515369869002665e-06,3.5903466720016425e-06,1.551065507994498e-06,9.007849097980579e-07,4.814170472700157e-06,2.343950215195414e-06,2.10293057339897e-06,3.955197851999714e-06,5.715125084702067e-06,2.6199123731986127e-06,3.5090350721964786e-06,4.349271798897853e-06,5.625480128226439e-06,3.2519219669033437e-06,1.1190128040083904e-06,3.442037391359239e-06,4.683160018801002e-06,5.377940419500002e-06
97,0.0,0.0,0.0,0.0,0.0,3.2332870800108605e-07,0.0,1.5308114940010275e-06,1.2855452399995748e-06,9.405291779995829e-07,3.6051123896998702e-06,1.6846286399987975e-06,6.304508009996602e-07,1.6249739328041273e-06,2.635130532593136e-06,1.3553611199867978e-07,0.0,1.661228186398342e-06,2.0544753837584313e-06,3.8798995463988455e-06,3.858997832100891e-06,1.7284832009951954e-06,3.984801545696137e-06,1.0659588120037756e-06,5.382957041989919e-06,3.271021724699473e-06,4.410734240703901e-06,3.4456799916003645e-06,4.34475874259356e-06,4.657469782504281e-06,3.777560391597552e-06,4.611661383608599e-06,6.5532997719028835e-06,3.7052714340035654e-06,2.393041383899897e-06,4.601235983214041e-06,5.743645579803294e-06,3.4859737440019048e-06
113,0.0,5.718304979991651e-07,4.651673112000993e-07,5.426471789965471e-07,5.164365329998061e-07,8.576654084997693e-07,6.896858759997126e-07,7.829705880021965e-07,1.9759620600245944e-07,1.7454696354037881e-06,8.054068778987761e-07,2.031626484001667e-06,2.0219872230003987e-06,2.133819762299427e-06,1.5348208842008716e-06,9.493039431028584e-07,3.0348970379914796e-07,1.1417607017997699e-06,3.7015331975981396e-06,3.494041917119946e-06,8.644037931013204e-07,5.025428490774714e-06,5.449567882502855e-06,3.71621299850458e-06,3.0165762150015372e-06,2.7879535602037643e-06,4.155911073894913e-06,4.630025895297762e-06,8.619680267990437e-06,5.202516247209063e-06,6.602608273055107e-06,8.004219146101507e-06,7.386001018202249e-06,3.422385776700246e-06,4.497127069310338e-06,5.1705195813085e-06,8.371571858105804e-06,5.393028041094424e-06
129,0.0,1.0690065360019484e-06,1.2184616520000136e-06,1.699832510997229e-06,1.0681718597999653e-06,5.825707272001657e-07,9.641398499971033e-07,1.3038227190036165e-06,3.056942393994678e-06,1.810272438900057e-06,7.672074749998093e-07,1.143947061001266e-06,1.8287886393001871e-06,3.2100809714980843e-06,2.71340872290346e-06,3.4991924786943742e-06,1.444077385198417e-06,1.580090211003027e-06,3.1781994789621552e-06,3.1423687560026838e-06,4.573299757046926e-06,2.315535916501167e-06,1.9015977501028044e-06,2.9908205730006833e-06,4.649417653508365e-06,4.7166252696040005e-06,5.7225617748034485e-06,3.431314799991619e-06,2.5779890970055454e-06,6.304940612102145e-06,6.813717336360288e-06,7.089640554597622e-06,3.204978879604386e-06,6.30200755512126e-06,6.184941022701327e-06,5.501270603613501e-06,8.241344699414406e-06,6.461907257692136e-06
145,0.0,0.0,6.002311769989776e-07,2.6069951699903003e-07,1.2014811737980427e-06,0.0,7.27512921001039e-07,1.4414117634001245e-06,2.7249536429933832e-06,1.8337678199994988e-06,2.3183817363019164e-06,2.3644902834013894e-06,3.6867082104021646e-06,2.8903238330789935e-06,8.176793400022087e-07,2.90419743149686e-06,4.775921650803233e-06,5.499809759706136e-06,3.716224030798233e-06,3.3693837722992282e-06,6.786999677702786e-06,4.603414474808678e-06,3.131009586896417e-06,3.714299442004744e-06,6.683437871108089e-06,6.512940002702285e-06,8.625237158701727e-06,6.790374307528044e-06,6.086379458697822e-06,5.4172784312961354e-06,1.145679134219712e-05,6.5061651329987634e-06,3.5785925900957274e-06,2.7434958633031777e-06,7.063713486895554e-06,7.004929651205326e-06,3.6148869324027607e-06,4.46173402139996e-06
161,0.0,0.0,8.446111739988939e-07,9.666763523977218e-07,1.6318520000982786e-06,0.0,1.199432330999811e-06,1.637531673294567e-06,2.2819129065058957e-06,2.705967270005827e-07,2.675060193600768e-06,1.317838077001532e-06,4.9891191858957965e-06,2.7932972849972067e-06,3.4570361370613123e-06,5.126029125300299e-06,2.0379367358992415e-06,4.409257051792709e-06,3.7005362820018157e-06,4.137076055697464e-06,5.876218945805311e-06,4.975647262193492e-06,5.836888365474075e-06,5.110531319793962e-06,5.209609135502641e-06,6.210670925693093e-06,5.758696070642762e-06,5.501464952407942e-06,5.233911230692612e-06,9.540364464886568e-06,1.0034382184202148e-05,9.13450849470674e-06,5.4428547563981595e-06,5.841791157608148e-06,8.299382216402017e-06,9.063182621156127e-06,5.770146650664115e-06,7.1009580932978115e-06
177,0.0,0.0,0.0,1.7435622419997854e-06,2.0549890440001163e-06,0.0,8.128376010024807e-07,2.052347700597368e-06,1.1177061237009968e-06,2.159735000039679e-06,1.9737444131999806e-06,4.464949244398428e-06,3.6708372531037844e-06,4.7535232848338155e-06,4.83480217979183e-06,3.5677397637019075e-06,6.878846564100285e-06,4.436494856994641e-06,2.4928564706111836e-06,6.089289101991469e-06,5.439712862696233e-06,5.574448082707809e-06,3.788977764609264e-06,5.219107785483108e-06,9.746602101008001e-07,6.474220737308391e-06,5.9105599766989465e-06,8.448699212204032e-06,8.842716082796444e-06,7.664610164402202e-06,4.829035140000021e-06,7.656590928150948e-06,3.082592141995244e-06,9.85365702566825e-06,1.0993928524184076e-05,8.002327382993621e-06,6.592908101400991e-06,4.467571587004302e-06
193,0.0,0.0,1.2717727019970203e-06,9.110661821977451e-07,9.978134399984962e-09,1.8740613240003645e-06,6.330108329985484e-07,1.4247498239994274e-06,2.0927871791989772e-06,3.4645572602962254e-06,2.9302983396070106e-06,3.701764369802643e-06,2.6722433366995968e-06,1.2668448357006699e-06,6.4924682630423346e-06,3.642287319003193e-06,5.369697141299028e-06,6.760994743614646e-06,5.4607770296856426e-06,2.526187152154073e-06,8.108028367108285e-06,6.225306394682704e-06,5.515885453505551e-06,4.1842750410019815e-06,5.86532837214048e-06,4.664370844444073e-06,4.256049492903854e-06,8.37945523709853e-06,4.386142863898393e-06,9.825774834895394e-06,9.327045255303132e-06,5.830755975899105e-06,9.261600587729954e-06,9.771130030507038e-06,7.2873016797616905e-06,8.251996919395808e-06,1.3637550290876502e-05,7.690465818898998e-06
209,0.0,7.419825629993715e-07,3.0644914499999843e-07,3.2175645660263705e-07,0.0,2.2129939115948796e-06,8.750295801012929e-07,8.468848799986218e-08,1.471924671295477e-06,4.236054162311334e-06,2.209149960304482e-06,2.0821530330045193e-06,6.689892130192073e-06,3.2195730869977875e-06,2.1754637289007898e-06,5.104831510802065e-06,3.5475769890044e-06,4.14086450507423e-06,6.282609644696685e-06,5.4063290225041725e-06,8.084941962301206e-06,3.49328349270199e-06,6.717012010279841e-06,6.827352048891961e-06,9.87460526339884e-06,4.019469316195144e-06,6.463952146796431e-06,9.777359589299758e-06,6.99895179449967e-06,1.119976498619892e-05,9.729134890202589e-06,7.0607196539975575e-06,8.91982451007244e-06,1.1475501887691018e-05,7.178232412797283e-06,1.4000415802199305e-05,9.831315545103804e-06,1.0635456382376805e-05
225,0.0,8.685627030002864e-07,0.0,1.211110415998834e-06,2.929790249968367e-08,6.587942489970355e-07,1.728580328999585e-06,3.8072752830034527e-06,3.5116031911522917e-06,2.580903101696529e-06,3.242114306104376e-06,6.145302044701789e-06,3.521959559995222e-06,4.898457746990731e-06,3.7131769295982788e-06,7.284940707684707e-06,4.736976496196847e-06,4.860554570999925e-06,3.6676278112505668e-06,6.6178940030964425e-06,5.084301408299508e-06,4.83407816670875e-06,8.014818024895348e-06,8.845423546259565e-06,8.886987609664399e-06,5.672369994298051e-06,8.527499259299472e-06,1.0542986270995966e-05,1.307291303708996e-05,7.362824769899559e-06,9.060744256832705e-06,9.941134288505761e-06,1.0449600517799945e-05,9.461058727495387e-06,1.5006657717899704e-05,8.68353675572326e-06,1.1926178747989902e-05,1.5666011884797534e-05
241,0.0,0.0,1.4345150580033494e-06,3.368637449985279e-07,1.7504843831981504e-06,1.847923711197491e-06,4.5874356300157347e-07,3.751135820996842e-06,2.2064944787947986e-06,2.6770680539980884e-06,3.3841082987962243e-06,4.7112908896755964e-06,2.5925358059979144e-06,5.811227167501834e-06,7.507880783103552e-06,6.70140057599739e-06,4.806970217999876e-06,3.385656782638781e-06,5.6770556867950275e-06,9.995997296700035e-06,5.501593403100524e-06,6.122667466797321e-06,7.483579840816511e-06,1.1565239409903947e-05,1.1577654264595097e-05,9.286080663594364e-06,1.1587982912997126e-05,9.576447014700217e-06,1.2516837205513027e-05,9.752251587303654e-06,8.207431062903747e-06,1.5625252262690077e-05,8.804887100102532e-06,1.0299998995552745e-05,1.0485951308994262e-05,1.2414269653188338e-05,8.96917091220327e-06,1.3121085692702603e-05
257,0.0,0.0,1.6268683347015097e-06,1.815394149002336e-06,1.2450564629959415e-06,2.9214151772474467e-06,6.625767150011952e-07,5.061601464930438e-06,4.233844886397248e-06,3.228435619194812e-06,1.80492151500046e-06,3.823148290500751e-06,4.697256929761581e-06,3.6914633414954216e-06,7.617166654494619e-06,6.8914141452021755e-06,3.03055507062095e-06,3.3515934488922977e-06,5.1460400277002565e-06,7.48845680273664e-06,8.235878319905205e-06,7.05976687043871e-06,8.051470767006274e-06,7.353097226998687e-06,1.3867675629314063e-05,6.437586093295638e-06,6.756017013629257e-06,8.536544739007543e-06,1.223483566328445e-05,8.949256895698868e-06,1.037070263790685e-05,5.139526061521554e-06,1.3319154043273311e-05,1.2149220534289247e-05,1.3155348964496456e-05,1.3555121093545818e-05,8.47841792400314e-06,7.666750997995729e-06
273,0.0,5.082729840011346e-07,3.4899940800303676e-07,2.5337568599986816e-07,1.1423995199821846e-07,2.414280905096711e-06,2.0824172819997044e-06,4.45904947889323e-06,3.141157229074231e-06,4.952974310099574e-06,3.157616691902218e-06,5.127304356005863e-06,7.420689861293364e-06,2.8099522997963864e-06,4.02112708740389e-06,5.265086898601689e-06,3.070567849500425e-06,4.664927817899165e-06,6.893211385801175e-06,4.583414002497233e-06,7.383917707203536e-06,7.949202588900596e-06,8.522138566537124e-06,1.3215468279609516e-05,5.618270667609154e-06,8.090614103396302e-06,1.3092341454813798e-05,8.0191550667485e-06,8.735521554003382e-06,1.0961840348105642e-05,1.0476365276707398e-05,1.1331373823101535e-05,1.5297291866705198e-05,1.0437329129221942e-05,1.5894383717693935e-05,1.510206416441385e-05,1.1771226364292438e-05,1.1603444094911414e-05
289,0.0,8.858962529993686e-07,2.4036557399964574e-07,2.183940910892475e-06,7.982274924001747e-07,2.551225282197423e-06,2.631650643004774e-06,7.555838399952996e-08,2.593043371802769e-06,5.557295986194714e-06,5.848366076113415e-06,1.9448007750022535e-06,1.0033541380806647e-05,4.98335789546802e-06,6.2039565350972316e-06,2.0838676230027813e-06,5.007203802897612e-06,3.221324189999139e-06,9.553570254902925e-06,1.0350790138074079e-05,6.23771091117364e-06,1.0148638408203097e-05,8.287375983300707e-06,9.126489855413594e-06,1.0148350164306298e-05,1.2008601107465443e-05,7.62544427669168e-06,1.2712571527220774e-05,1.2039399579594577e-05,8.166267272696067e-06,1.2327104665173027e-05,1.253373120071814e-05,1.4081417822690723e-05,1.306909361087766e-05,1.2203199807299271e-05,1.4849940418197716e-05,1.3576545801008075e-05,1.4156714500199091e-05
305,0.0,6.697417590005583e-07,6.832366019998704e-07,9.892349550011393e-07,1.1120815935893384e-06,1.5197921280038496e-06,3.5197980480048894e-06,1.4572442700008793e-06,3.7836410877002855e-06,6.633467017201737e-06,4.757628960664855e-06,2.7820425618012986e-06,4.387390760693354e-06,5.5866412503043435e-06,2.665408256998149e-06,6.470796267895665e-06,7.715961333005784e-06,7.432590909420659e-06,5.240405517302031e-06,8.23849376039361e-06,8.730132972485686e-06,6.939185203802926e-06,1.3036644866616222e-05,7.727091633904538e-06,1.0261392722806881e-05,1.5698057637603574e-05,1.425833326412663e-05,1.03870265813941e-05,1.4473239719138052e-05,1.063973882250229e-05,1.3934797022696586e-05,1.7912482405200266e-05,1.3128459939340795e-05,1.527515794314325e-05,9.624160977295543e-06,1.8748861017747325e-05,1.0421864486106075e-05,1.4808206835534554e-05
321,0.0,0.0,1.0908906120014188e-06,3.3937581599974285e-07,5.860107494101838e-07,3.1854824135982635e-06,3.555953415003005e-06,3.8145499020031396e-06,4.944351088947485e-06,2.6223414092993097e-06,3.572967600629678e-06,2.168107658102516e-06,4.284785304895961e-06,8.191587429003007e-06,8.782953784202547e-06,5.764773215704705e-06,8.22406168621101e-06,1.1788739864096488e-05,1.0677398713200092e-05,6.913767367800402e-06,8.35939330874588e-06,1.0238768639099957e-05,8.597906341200525e-06,6.715656408595225e-06,1.4121726457497416e-05,1.0467102531603186e-05,1.1772233528399308e-05,1.1602620916936958e-05,2.0629129632301816e-05,1.0164654936005175e-05,1.2299657104807983e-05,1.4364750714298009e-05,1.3619854920869406e-05,1.3270831212597225e-05,1.3485475151720846e-05,1.4546512023294182e-05,1.752703528320656e-05,1.5680623098683516e-05
337,0.0,5.662086479973905e-07,2.188627971300081e-06,2.571462423001797e-06,6.146208899976414e-07,1.8065903255973585e-06,2.2313690685000014e-06,3.604859878493863e-06,2.006351982005994e-06,2.9210908392016123e-06,4.36891562730083e-06,6.5088406926024785e-06,5.062692603606256e-06,5.919629783401187e-06,6.5924524647065215e-06,9.240288571778118e-06,8.85762676890476e-06,1.0034565499799225e-05,9.758512289705782e-06,9.10774751939741e-06,1.4625182946870967e-05,7.877511429312551e-06,9.273489744597418e-06,1.32821144216069e-05,1.6083540952650833e-05,1.1656913156112073e-05,1.1844522058495414e-05,4.063123574993277e-06,1.244981047641852e-05,1.4215061917856013e-05,1.1923023545293303e-05,1.618893447590884e-05,1.3158844642801246e-05,1.385360530200298e-05,1.568565256410687e-05,2.3615938256406122e-05,1.526434425665293e-05,2.0634839803255196e-05
353,0.0,9.199616850014832e-07,1.5946639829997332e-06,1.9743995339979035e-06,2.1689343711041655e-06,3.0958945019987642e-06,3.7492657020021804e-06,2.6019548621164164e-06,5.489787523405777e-06,7.42949020080267e-06,2.1836303370018075e-06,3.2734549151935615e-06,8.852242280407031e-06,6.915723657299234e-06,1.0753271515798121e-05,9.740263173293706e-06,8.206178468394726e-06,1.1440271364304907e-05,1.4116400678700539e-05,9.197743034700356e-06,1.3298472191690852e-05,9.384177747602112e-06,1.0389189209407956e-05,1.0026728769603197e-05,7.994097791993241e-06,1.0905742113304744e-05,8.495706150899764e-06,1.149479795519548e-05,1.4725828830698976e-05,2.1335040953096767e-05,1.1275860768297439e-05,1.4729924511266016e-05,1.5044825843107609e-05,1.2092063165837878e-05,1.2597794444439426e-05,1.881638156915397e-05,1.7980004307615134e-05,2.306981320344907e-05
369,0.0,0.0,1.1591740934961682e-06,1.3608332820015666e-06,3.5937298574990203e-06,1.8956655971982817e-06,3.1206398984968965e-06,1.8018834849054673e-06,3.7117973978915974e-06,3.2918184089953876e-06,2.3033802861014213e-06,4.953591664198821e-06,5.496222743105982e-06,6.5895341521474926e-06,8.583185903400098e-06,1.3847175073161829e-05,1.3341859793097582e-05,9.37473618149864e-06,6.961736728788947e-06,7.802450358666196e-06,1.5395041647905032e-05,1.1604929263380637e-05,1.665950979860541e-05,1.0868409240302678e-05,1.103939775738751e-05,1.0959365780107944e-05,9.146156004013471e-06,1.6454686931926982e-05,1.2222595245603446e-05,1.907536227120154e-05,2.2207092127193104e-05,1.932265094633949e-05,1.3056443677800806e-05,1.3433659155880702e-05,2.0740438559707933e-05,1.1450039238810084e-05,2.0689677646817333e-05,2.1107239417252763e-05
385,0.0,7.962359192999896e-07,2.3999984639994086e-06,2.409404957908123e-06,2.6684497134006614e-06,3.9055597200012e-06,3.900810657597558e-06,3.4491630302978247e-06,4.5874694114977214e-06,4.972461959694697e-06,7.1585350542015266e-06,4.673551200294821e-06,4.032305475538538e-06,5.177431776600267e-06,9.35503737345822e-06,8.762623465516824e-06,7.329158244902996e-06,7.684634868568764e-06,1.2638397861002156e-05,8.146251039604594e-06,1.1575094940002063e-05,8.210508768895092e-06,1.1793605921201089e-05,1.4490080635144937e-05,1.2355582221014528e-05,1.4443652275376775e-05,9.409376440076784e-06,1.222168939298143e-05,1.7682016937399987e-05,1.5757951398297114e-05,1.1917563179856294e-05,1.8839446430492546e-05,1.7927562154582114e-05,1.6197328569328135e-05,2.7588134405696978e-05,1.670807382254112e-05,2.3390372527113186e-05,2.8415183187609638e-05
401,0.0,3.8363587199996556e-07,2.8505755530001957e-06,2.860630047005069e-06,3.1770721079910084e-06,1.022631920998829e-06,2.243245688103718e-06,1.7530858637965914e-06,4.7348770724980545e-06,3.763168599599416e-06,3.896689972504725e-06,5.3811565262977536e-06,6.119916427799466e-06,5.76294207075017e-06,7.949754033300742e-06,6.157624337991273e-06,9.826804699202777e-06,1.0962170970303698e-05,1.2635042902034668e-05,1.3352386614306838e-05,1.1465690546703862e-05,5.688525166204998e-06,1.3785727823285548e-05,1.874848607944339e-05,1.707935647049505e-05,1.086527540609304e-05,1.4061124089359827e-05,1.762553705308818e-05,1.3848835878002008e-05,1.719348858719086e-05,1.5972297579015248e-05,2.076395967047308e-05,1.5808412818785827e-05,1.8278708633095752e-05,1.3092609495595554e-05,1.8673125763771303e-05,2.3979051576090253e-05,1.790189949420023e-05
417,0.0,7.720887059992076e-07,1.8073757493007777e-06,1.8119818394986274e-06,6.790538421011169e-07,3.4666087139172652e-06,4.034646981894083e-06,6.0833960802059165e-06,4.9873434578893635e-06,5.555489326199356e-06,6.236013070800035e-06,1.3116653953198325e-05,6.084873413816985e-06,1.068382516229859e-05,8.769791528469322e-06,9.076603252507285e-06,7.794024434635725e-06,8.562132927002268e-06,7.204600481127864e-06,1.4494100488833179e-05,1.0544701421687283e-05,1.886383049850457e-05,1.1436923860732369e-05,1.2275081238332947e-05,1.2333601705407274e-05,1.8530138965833653e-05,1.6880218486390497e-05,1.868177109060159e-05,1.660853654730428e-05,1.4627810581571918e-05,2.1138655524666494e-05,1.85976931248014e-05,1.8746775107726744e-05,1.7387033705098498e-05,2.3514277782056443e-05,2.669433683309963e-05,1.9035932127212788e-05,2.6221168776061857e-05
433,0.0,0.0,8.228528729942174e-07,3.418466814726657e-06,2.6960174063017728e-06,3.722292449100315e-06,2.986117078500397e-06,2.5348234598064536e-06,2.40242404500296e-06,3.7270322190000044e-06,6.4543405176001335e-06,6.48633488129477e-06,7.444086313493359e-06,7.553675457890062e-06,6.149938273919667e-06,1.0047060337491694e-05,9.124056571499505e-06,1.3014316416592298e-05,7.98389861409635e-06,1.0178657787596868e-05,1.4647465826463451e-05,1.2855967649088047e-05,1.658643999929248e-05,1.673768380409918e-05,9.585972614705557e-06,1.3926724819199703e-05,1.7483517610207112e-05,2.0504065570138714e-05,1.8293623148702038e-05,1.6387004994303044e-05,1.863614162150552e-05,2.116483391223604e-05,2.2124741932820404e-05,1.8942172528585168e-05,2.2624396844411145e-05,1.5042597087965704e-05,1.8216421850346626e-05,2.5262070319352696e-05
449,0.0,1.5462974178018232e-06,3.4561864827017083e-06,3.2489294309966115e-06,3.942757095661094e-06,3.1552551090023588e-06,5.3051890860015755e-06,5.4041802389964525e-06,6.928841789003889e-06,6.52091778360224e-06,8.512579303472423e-06,7.37282656799461e-06,8.033400724044405e-06,1.1826718174968891e-05,7.29484983540276e-06,9.999577289701769e-06,1.0492630433090872e-05,1.675648027116965e-05,1.095402226499974e-05,1.5412642315215665e-05,1.4979082752450222e-05,1.3891441554906328e-05,2.1332791570847405e-05,1.943926817697029e-05,1.955465263709783e-05,2.00671521408021e-05,1.4453052908413153e-05,1.4875185561874342e-05,1.9576755242282762e-05,1.8616064045413022e-05,2.616325242489018e-05,1.8405604003951527e-05,2.2193692992082046e-05,1.93233059074909e-05,2.5389470408755497e-05,2.712012137639603e-05,2.3622403457707705e-05,2.488697395365201e-05
465,0.0,6.486711660014244e-07,6.325326450018487e-07,0.0,6.924959801990483e-07,4.724975796305368e-06,2.4970760640018183e-06,6.556296122980919e-07,2.8942186572001454e-06,6.122351972694604e-06,5.337693912417447e-06,6.210403947541007e-06,8.806877117815767e-06,5.307355280706124e-06,9.169879000503825e-06,7.74502975170694e-06,8.796400260298875e-06,1.0227136121095799e-05,1.6286461828193268e-05,1.1426768486991757e-05,1.5662276608942508e-05,1.459642376600889e-05,1.7863286432397256e-05,1.3014922896894838e-05,1.4304770307894954e-05,1.8204694374602437e-05,1.3555795726794208e-05,1.6752292497813047e-05,1.4765730272989637e-05,2.7595717781409202e-05,1.970826120270717e-05,1.9647714355190263e-05,1.6693225906487115e-05,1.9210845511797028e-05,2.5063171365880288e-05,2.354641658009571e-05,3.49652223728901e-05,2.3493041829006564e-05
481,0.0,0.0,1.392128442903977e-06,2.9828793743987003e-06,3.8668177673958225e-06,1.5618020309945272e-06,4.4106940763970205e-06,5.253980516103184e-06,7.379787197703476e-06,5.7516797376020244e-06,6.986183224497958e-06,5.762034884699631e-06,8.232562628371682e-06,8.573252436011297e-06,8.73681566760466e-06,1.1814698348097414e-05,6.147453111306316e-06,1.204822257624731e-05,1.6409800198800943e-05,1.0785666689909802e-05,1.0315000417508627e-05,1.0894822446592175e-05,9.885692882715575e-06,2.017729763190576e-05,1.992795891389165e-05,1.120453365870017e-05,1.796433553346951e-05,1.647729108423051e-05,2.1678966617380733e-05,1.356795141606108e-05,1.6296332582970242e-05,2.30803386765451e-05,2.1107664560785253e-05,2.3624783668175098e-05,1.877498756369049e-05,2.1598479115826493e-05,2.0385844938368426e-05,2.6525710186021642e-05
497,0.0,4.673304090008213e-07,7.397780400014709e-08,1.4235536960977014e-06,2.705042875497856e-06,2.531651691600953e-06,5.003504816401133e-06,7.42808902500166e-06,2.13240292019766e-06,6.259931469896203e-06,1.100765698830927e-05,9.429129096746313e-06,6.3745944929978834e-06,1.3522280937298758e-05,8.374321195235551e-06,1.0063692940220395e-05,1.260894474270538e-05,1.5394941646209668e-05,9.831149365495915e-06,1.2360826627921712e-05,1.5455949966903674e-05,2.0682694690203064e-05,1.9586477115900846e-05,1.5533759596493227e-05,2.0813918785209994e-05,1.9162536386399998e-05,1.6615377033300125e-05,2.4945397206830726e-05,2.267317570301866e-05,1.8671218362893202e-05,2.161773673477281e-05,2.471740165015596e-05,2.305463103250907e-05,1.7098620979488708e-05,2.221484226812962e-05,2.4001542929965955e-05,2.1664584824389377e-05,2.322978824014919e-05
513,0.0,0.0,2.361415321802604e-06,3.0369397275869205e-06,9.140796450001627e-07,3.4630299929434787e-06,4.732982892907533e-06,4.8998596860092e-06,3.5257466249949407e-06,8.52834031200289e-06,7.4980702782005675e-06,6.668977713479686e-06,8.12479270140311e-06,9.15067470779291e-06,1.2431427804903244e-05,1.3558388792413464e-05,9.219763698661264e-06,1.0085329778394966e-05,1.4533364484895265e-05,1.320305448779627e-05,1.2408763535468524e-05,1.1274791416208219e-05,1.5133999183188746e-05,9.71122060440156e-06,2.0356330846217328e-05,1.668568776930609e-05,1.768076673363291e-05,1.4501746549814844e-05,2.5731682521706824e-05,2.1838904198754407e-05,1.887009054659229e-05,2.00528750790068e-05,2.3948024265895867e-05,2.6433171922503502e-05,3.025007893710409e-05,2.0766307951092067e-05,2.6002431416342794e-05,2.694386369501724e-05
529,0.0,7.278409799997555e-07,2.4141838293005593e-06,4.986319855501825e-06,4.1863516560025625e-06,4.2597854208015205e-06,4.227145197210382e-06,2.3082144957013894e-06,6.0932708999990315e-06,5.400707830298003e-06,8.876973892495612e-06,7.916773086000432e-06,7.903403101988257e-06,1.2842876853815584e-05,9.251266326311958e-06,1.1211762606293513e-05,1.6714623434397737e-05,1.805895501570091e-05,1.648241838962475e-05,1.5043030375513165e-05,1.3271562692998318e-05,1.4107538242974236e-05,1.52752788621034e-05,1.6427138180213857e-05,1.3799310059966471e-05,1.8999601149593746e-05,2.6165787592492585e-05,1.5677775076500427e-05,1.818235965426634e-05,2.0716024787915213e-05,1.8190301937314507e-05,2.530905940620047e-05,2.3765768872740507e-05,2.2737637356836392e-05,2.491090740811591e-05,2.861567244910845e-05,3.008188576645546e-05,3.28138355699881e-05
545,0.0,9.732353399995175e-07,1.1286619289999078e-06,1.752807651483248e-06,5.502677381980306e-07,3.603665058299049e-06,8.145942702301248e-06,4.746739266901362e-06,1.2145976675097988e-05,1.00259981343968e-05,7.16471756909984e-06,6.608557144169182e-06,1.4190911816401329e-05,4.597033776303026e-06,1.4085455936388365e-05,1.2390752997456492e-05,1.1173033043734291e-05,1.684452976019529e-05,1.1671282123206992e-05,1.239829314118982e-05,1.3990158168307487e-05,2.5415964530992923e-05,2.0975837850903835e-05,1.7076117398404722e-05,1.5241878629177839e-05,2.1556005755401318e-05,2.2525905741940568e-05,1.8348846597816137e-05,2.2014874208874158e-05,2.6356155866885774e-05,2.6386203855347575e-05,2.5901396982644614e-05,2.8496989053895817e-05,2.588914802429333e-05,3.0000992828501423e-05,2.3213877750094057e-05,2.380119705134382e-05,3.368817836198906e-05
561,0.0,0.0,1.7605433033982158e-06,1.9734806691049795e-06,3.7457283509950703e-06,5.3598385664997006e-06,2.3022333000025096e-06,8.794545786003498e-06,1.2035173085101907e-05,6.023074746594679e-06,6.071036172307504e-06,9.732562640099168e-06,7.905293802906427e-06,9.154356093909795e-06,8.444832441309134e-06,1.0886111370540903e-05,1.5359365560684188e-05,1.1057087662209898e-05,1.110013545910826e-05,1.1369566480494629e-05,2.2854637256119383e-05,1.3655745891899429e-05,1.7914360905717744e-05,2.209229031421012e-05,2.1755838264559733e-05,2.198984391009994e-05,1.6329110150128784e-05,2.736627384330074e-05,2.51405898228171e-05,2.9247224959736772e-05,2.6198873496639097e-05,2.9442529048327293e-05,2.902525994925641e-05,2.9973782618991934e-05,3.234024172818511e-05,3.0434344529392412e-05,2.3071007402991255e-05,3.108428982771911e-05
577,0.0,3.6793217699934714e-07,9.660531960012377e-07,2.2187401974008148e-06,3.839034013202875e-06,2.339982323096776e-06,4.371913770297824e-06,6.613860828598163e-06,1.0626425885703547e-05,8.105593358598896e-06,5.183744685301056e-06,9.868946889147346e-06,1.1254850503557138e-05,1.3798473363015685e-05,1.1325188747508438e-05,1.1260767766683304e-05,1.288268694269538e-05,1.6451535691169512e-05,1.3346033082028105e-05,1.6507346328901355e-05,1.704504045287105e-05,1.3863220120796071e-05,1.4515771207514234e-05,1.567019400029254e-05,1.7359186281288352e-05,1.6566422775205134e-05,2.5675561874544058e-05,2.4182789951154745e-05,2.126390107319624e-05,2.733508050415813e-05,2.054686446357486e-05,2.344485372840457e-05,2.439971701448997e-05,2.1511585636210738e-05,2.968448618340086e-05,2.9585312518757226e-05,2.464117755327356e-05,2.8468200123082618e-05
593,0.0,3.328246260005108e-07,1.6241524668014069e-06,9.175738589970589e-07,2.696026482001818e-06,6.886497857396101e-06,5.7049402095001025e-06,7.391788830005823e-06,6.242882727866203e-06,7.920013547690505e-06,9.549812304903305e-06,5.379643009802183e-06,8.816808457628444e-06,1.1921526718560923e-05,1.296846567088946e-05,9.996307119007689e-06,1.275847919100558e-05,1.4059962174598002e-05,1.6455669699601256e-05,1.6691402989069744e-05,1.68910730321344e-05,1.54070114057977e-05,1.6504112039068124e-05,1.8419194199800827e-05,1.9055101338538994e-05,2.754528536142859e-05,3.065542810569744e-05,2.493704034719987e-05,2.9629234693803448e-05,2.405981989889328e-05,2.659984439518636e-05,3.303334897181473e-05,2.7832380999039047e-05,2.5724599142408737e-05,2.5358830114500956e-05,3.7123104650754666e-05,2.4436109800336633e-05,2.6443753472081085e-05
